SCHOOL CODE, SCHOOL NAME, GENDER, GENDER TOTAL, DIV I, DIV II, DIV III, DIV IV, DIV 0, ABS/WITHHELD
S0101, AZANIA, F, 0, 0, 0, 0, 0, 0, 0
S0101, AZANIA, M, 207, 0, 0, 0, 0, 0, 207
S0101, AZANIA, All, 207, 0, 0, 0, 0, 0, 207
S0103, BIHAWANA, F, 0, 0, 0, 0, 0, 0, 0
S0103, BIHAWANA, M, 327, 0, 0, 0, 0, 0, 327
S0103, BIHAWANA, All, 327, 0, 0, 0, 0, 0, 327
S0104, BWIRU BOYS, F, 0, 0, 0, 0, 0, 0, 0
S0104, BWIRU BOYS, M, 137, 0, 0, 0, 0, 0, 137
S0104, BWIRU BOYS, All, 137, 0, 0, 0, 0, 0, 137
S0106, DUNG'UNYI SEMINARY, F, 0, 0, 0, 0, 0, 0, 0
S0106, DUNG'UNYI SEMINARY, M, 4, 0, 0, 0, 0, 0, 4
S0106, DUNG'UNYI SEMINARY, All, 4, 0, 0, 0, 0, 0, 4
S0107, LUTHERAN JUNIOR SEMINARY, F, 44, 0, 0, 0, 0, 0, 44
S0107, LUTHERAN JUNIOR SEMINARY, M, 56, 0, 0, 0, 0, 0, 56
S0107, LUTHERAN JUNIOR SEMINARY, All, 100, 0, 0, 0, 0, 0, 100
S0108, IFUNDA TECHNICAL, F, 77, 0, 0, 0, 0, 0, 77
S0108, IFUNDA TECHNICAL, M, 247, 0, 0, 0, 0, 0, 247
S0108, IFUNDA TECHNICAL, All, 324, 0, 0, 0, 0, 0, 324
S0109, IHUNGO, F, 0, 0, 0, 0, 0, 0, 0
S0109, IHUNGO, M, 384, 0, 0, 0, 0, 0, 384
S0109, IHUNGO, All, 384, 0, 0, 0, 0, 0, 384
S0110, ILBORU, F, 0, 0, 0, 0, 0, 0, 0
S0110, ILBORU, M, 143, 0, 0, 0, 0, 0, 143
S0110, ILBORU, All, 143, 0, 0, 0, 0, 0, 143
S0111, ITAGA SEMINARY, F, 0, 0, 0, 0, 0, 0, 0
S0111, ITAGA SEMINARY, M, 4, 0, 0, 0, 0, 0, 4
S0111, ITAGA SEMINARY, All, 4, 0, 0, 0, 0, 0, 4
S0112, IYUNGA TECHNICAL, F, 0, 0, 0, 0, 0, 0, 0
S0112, IYUNGA TECHNICAL, M, 193, 0, 0, 0, 0, 0, 193
S0112, IYUNGA TECHNICAL, All, 193, 0, 0, 0, 0, 0, 193
S0113, MAFINGA SEMINARY, F, 0, 0, 0, 0, 0, 0, 0
S0113, MAFINGA SEMINARY, M, 36, 0, 0, 0, 0, 0, 36
S0113, MAFINGA SEMINARY, All, 36, 0, 0, 0, 0, 0, 36
S0115, KAHORORO, F, 0, 0, 0, 0, 0, 0, 0
S0115, KAHORORO, M, 239, 0, 0, 0, 0, 0, 239
S0115, KAHORORO, All, 239, 0, 0, 0, 0, 0, 239
S0116, KANTALAMBA, F, 0, 0, 0, 0, 0, 0, 0
S0116, KANTALAMBA, M, 87, 0, 0, 0, 0, 0, 87
S0116, KANTALAMBA, All, 87, 0, 0, 0, 0, 0, 87
S0117, KASITA SEMINARY, F, 0, 0, 0, 0, 0, 0, 0
S0117, KASITA SEMINARY, M, 17, 0, 0, 0, 0, 0, 17
S0117, KASITA SEMINARY, All, 17, 0, 0, 0, 0, 0, 17
S0118, KATOKE SEMINARY, F, 0, 0, 0, 0, 0, 0, 0
S0118, KATOKE SEMINARY, M, 5, 0, 0, 0, 0, 0, 5
S0118, KATOKE SEMINARY, All, 5, 0, 0, 0, 0, 0, 5
S0119, KIBAHA, F, 0, 0, 0, 0, 0, 0, 0
S0119, KIBAHA, M, 152, 0, 0, 0, 0, 0, 152
S0119, KIBAHA, All, 152, 0, 0, 0, 0, 0, 152
S0120, KIGONSERA, F, 0, 0, 0, 0, 0, 0, 0
S0120, KIGONSERA, M, 330, 0, 0, 0, 0, 0, 330
S0120, KIGONSERA, All, 330, 0, 0, 0, 0, 0, 330
S0121, ST. JAMES SEMINARY, F, 0, 0, 0, 0, 0, 0, 0
S0121, ST. JAMES SEMINARY, M, 31, 0, 0, 0, 0, 0, 31
S0121, ST. JAMES SEMINARY, All, 31, 0, 0, 0, 0, 0, 31
S0123, KWIRO, F, 0, 0, 0, 0, 0, 0, 0
S0123, KWIRO, M, 331, 0, 0, 0, 0, 0, 331
S0123, KWIRO, All, 331, 0, 0, 0, 0, 0, 331
S0125, LYAMUNGO, F, 0, 0, 0, 0, 0, 0, 0
S0125, LYAMUNGO, M, 429, 0, 0, 0, 0, 0, 429
S0125, LYAMUNGO, All, 429, 0, 0, 0, 0, 0, 429
S0128, MALANGALI, F, 0, 0, 0, 0, 0, 0, 0
S0128, MALANGALI, M, 96, 0, 0, 0, 0, 0, 96
S0128, MALANGALI, All, 96, 0, 0, 0, 0, 0, 96
S0129, MARA, F, 0, 0, 0, 0, 0, 0, 0
S0129, MARA, M, 186, 0, 0, 0, 0, 0, 186
S0129, MARA, All, 186, 0, 0, 0, 0, 0, 186
S0130, MAUA SEMINARY, F, 0, 0, 0, 0, 0, 0, 0
S0130, MAUA SEMINARY, M, 30, 0, 0, 0, 0, 0, 30
S0130, MAUA SEMINARY, All, 30, 0, 0, 0, 0, 0, 30
S0132, MILAMBO, F, 0, 0, 0, 0, 0, 0, 0
S0132, MILAMBO, M, 364, 0, 0, 0, 0, 0, 364
S0132, MILAMBO, All, 364, 0, 0, 0, 0, 0, 364
S0133, MINAKI, F, 0, 0, 0, 0, 0, 0, 0
S0133, MINAKI, M, 344, 0, 0, 0, 0, 0, 344
S0133, MINAKI, All, 344, 0, 0, 0, 0, 0, 344
S0134, MOSHI, F, 0, 0, 0, 0, 0, 0, 0
S0134, MOSHI, M, 266, 0, 0, 0, 0, 0, 266
S0134, MOSHI, All, 266, 0, 0, 0, 0, 0, 266
S0135, MOSHI TECHNICAL, F, 0, 0, 0, 0, 0, 0, 0
S0135, MOSHI TECHNICAL, M, 246, 0, 0, 0, 0, 0, 246
S0135, MOSHI TECHNICAL, All, 246, 0, 0, 0, 0, 0, 246
S0136, MUSOMA, F, 0, 0, 0, 0, 0, 0, 0
S0136, MUSOMA, M, 217, 0, 0, 0, 0, 0, 217
S0136, MUSOMA, All, 217, 0, 0, 0, 0, 0, 217
S0138, MPWAPWA, F, 24, 0, 0, 0, 0, 0, 24
S0138, MPWAPWA, M, 72, 0, 0, 0, 0, 0, 72
S0138, MPWAPWA, All, 96, 0, 0, 0, 0, 0, 96
S0139, MTWARA TECHNICAL, F, 23, 0, 0, 0, 0, 0, 23
S0139, MTWARA TECHNICAL, M, 101, 0, 0, 0, 0, 0, 101
S0139, MTWARA TECHNICAL, All, 124, 0, 0, 0, 0, 0, 124
S0140, MZUMBE, F, 0, 0, 0, 0, 0, 0, 0
S0140, MZUMBE, M, 114, 0, 0, 0, 0, 0, 114
S0140, MZUMBE, All, 114, 0, 0, 0, 0, 0, 114
S0142, GALANOS, F, 0, 0, 0, 0, 0, 0, 0
S0142, GALANOS, M, 353, 0, 0, 0, 0, 0, 353
S0142, GALANOS, All, 353, 0, 0, 0, 0, 0, 353
S0143, NJOMBE, F, 0, 0, 0, 0, 0, 0, 0
S0143, NJOMBE, M, 461, 0, 0, 0, 0, 0, 461
S0143, NJOMBE, All, 461, 0, 0, 0, 0, 0, 461
S0144, NSUMBA, F, 0, 0, 0, 0, 0, 0, 0
S0144, NSUMBA, M, 364, 0, 0, 0, 0, 0, 364
S0144, NSUMBA, All, 364, 0, 0, 0, 0, 0, 364
S0145, NYAKATO, F, 0, 0, 0, 0, 0, 0, 0
S0145, NYAKATO, M, 213, 0, 0, 0, 0, 0, 213
S0145, NYAKATO, All, 213, 0, 0, 0, 0, 0, 213
S0146, NYEGEZI SEMINARY, F, 0, 0, 0, 0, 0, 0, 0
S0146, NYEGEZI SEMINARY, M, 27, 0, 0, 0, 0, 0, 27
S0146, NYEGEZI SEMINARY, All, 27, 0, 0, 0, 0, 0, 27
S0147, PUGU, F, 0, 0, 0, 0, 0, 0, 0
S0147, PUGU, M, 281, 0, 0, 0, 0, 0, 281
S0147, PUGU, All, 281, 0, 0, 0, 0, 0, 281
S0148, RUBYA SEMINARY, F, 0, 0, 0, 0, 0, 0, 0
S0148, RUBYA SEMINARY, M, 17, 0, 0, 0, 0, 0, 17
S0148, RUBYA SEMINARY, All, 17, 0, 0, 0, 0, 0, 17
S0149, RUNGWE, F, 0, 0, 0, 0, 0, 0, 0
S0149, RUNGWE, M, 447, 0, 0, 0, 0, 0, 447
S0149, RUNGWE, All, 447, 0, 0, 0, 0, 0, 447
S0150, SAME, F, 0, 0, 0, 0, 0, 0, 0
S0150, SAME, M, 377, 0, 0, 0, 0, 0, 377
S0150, SAME, All, 377, 0, 0, 0, 0, 0, 377
S0151, SENGEREMA, F, 0, 0, 0, 0, 0, 0, 0
S0151, SENGEREMA, M, 403, 0, 0, 0, 0, 0, 403
S0151, SENGEREMA, All, 403, 0, 0, 0, 0, 0, 403
S0152, SHINYANGA, F, 0, 0, 0, 0, 0, 0, 0
S0152, SHINYANGA, M, 159, 0, 0, 0, 0, 0, 159
S0152, SHINYANGA, All, 159, 0, 0, 0, 0, 0, 159
S0153, SONGEA BOYS, F, 0, 0, 0, 0, 0, 0, 0
S0153, SONGEA BOYS, M, 283, 0, 0, 0, 0, 0, 283
S0153, SONGEA BOYS, All, 283, 0, 0, 0, 0, 0, 283
S0154, ST.PETER'S SEMINARY, F, 0, 0, 0, 0, 0, 0, 0
S0154, ST.PETER'S SEMINARY, M, 19, 0, 0, 0, 0, 0, 19
S0154, ST.PETER'S SEMINARY, All, 19, 0, 0, 0, 0, 0, 19
S0155, TABORA BOYS, F, 0, 0, 0, 0, 0, 0, 0
S0155, TABORA BOYS, M, 130, 0, 0, 0, 0, 0, 130
S0155, TABORA BOYS, All, 130, 0, 0, 0, 0, 0, 130
S0156, TANGA TECHNICAL, F, 0, 0, 0, 0, 0, 0, 0
S0156, TANGA TECHNICAL, M, 159, 0, 0, 0, 0, 0, 159
S0156, TANGA TECHNICAL, All, 159, 0, 0, 0, 0, 0, 159
S0158, TOSAMAGANGA, F, 0, 0, 0, 0, 0, 0, 0
S0158, TOSAMAGANGA, M, 439, 0, 0, 0, 0, 0, 439
S0158, TOSAMAGANGA, All, 439, 0, 0, 0, 0, 0, 439
S0160, UMBWE, F, 0, 0, 0, 0, 0, 0, 0
S0160, UMBWE, M, 356, 0, 0, 0, 0, 0, 356
S0160, UMBWE, All, 356, 0, 0, 0, 0, 0, 356
S0164, USA SEMINARY, F, 0, 0, 0, 0, 0, 0, 0
S0164, USA SEMINARY, M, 13, 0, 0, 0, 0, 0, 13
S0164, USA SEMINARY, All, 13, 0, 0, 0, 0, 0, 13
S0165, URU SEMINARY, F, 0, 0, 0, 0, 0, 0, 0
S0165, URU SEMINARY, M, 40, 0, 0, 0, 0, 0, 40
S0165, URU SEMINARY, All, 40, 0, 0, 0, 0, 0, 40
S0167, KIDUGALA LUTHERAN SEMINARY, F, 12, 0, 0, 0, 0, 0, 12
S0167, KIDUGALA LUTHERAN SEMINARY, M, 20, 0, 0, 0, 0, 0, 20
S0167, KIDUGALA LUTHERAN SEMINARY, All, 32, 0, 0, 0, 0, 0, 32
S0168, SANU SEMINARY, F, 0, 0, 0, 0, 0, 0, 0
S0168, SANU SEMINARY, M, 24, 0, 0, 0, 0, 0, 24
S0168, SANU SEMINARY, All, 24, 0, 0, 0, 0, 0, 24
S0174, CONSOLATA SEMINARY, F, 0, 0, 0, 0, 0, 0, 0
S0174, CONSOLATA SEMINARY, M, 43, 0, 0, 0, 0, 0, 43
S0174, CONSOLATA SEMINARY, All, 43, 0, 0, 0, 0, 0, 43
S0175, SALESIAN SEMINARY, F, 11, 0, 0, 0, 0, 0, 11
S0175, SALESIAN SEMINARY, M, 34, 0, 0, 0, 0, 0, 34
S0175, SALESIAN SEMINARY, All, 45, 0, 0, 0, 0, 0, 45
S0178, MANOW LUTHERAN JUNIOR SEMINARY, F, 0, 0, 0, 0, 0, 0, 0
S0178, MANOW LUTHERAN JUNIOR SEMINARY, M, 1, 0, 0, 0, 0, 0, 1
S0178, MANOW LUTHERAN JUNIOR SEMINARY, All, 1, 0, 0, 0, 0, 0, 1
S0179, ST.MARY'S SEMINARY MBALIZI, F, 0, 0, 0, 0, 0, 0, 0
S0179, ST.MARY'S SEMINARY MBALIZI, M, 9, 0, 0, 0, 0, 0, 9
S0179, ST.MARY'S SEMINARY MBALIZI, All, 9, 0, 0, 0, 0, 0, 9
S0182, AL-FAROUQ SEMINARY, F, 0, 0, 0, 0, 0, 0, 0
S0182, AL-FAROUQ SEMINARY, M, 4, 0, 0, 0, 0, 0, 4
S0182, AL-FAROUQ SEMINARY, All, 4, 0, 0, 0, 0, 0, 4
S0184, AGAPE LUTHERAN J SEMINARY, F, 23, 0, 0, 0, 0, 0, 23
S0184, AGAPE LUTHERAN J SEMINARY, M, 34, 0, 0, 0, 0, 0, 34
S0184, AGAPE LUTHERAN J SEMINARY, All, 57, 0, 0, 0, 0, 0, 57
S0188, KIRINJIKO ISLAMIC SEMINARY, F, 42, 0, 0, 0, 0, 0, 42
S0188, KIRINJIKO ISLAMIC SEMINARY, M, 61, 0, 0, 0, 0, 0, 61
S0188, KIRINJIKO ISLAMIC SEMINARY, All, 103, 0, 0, 0, 0, 0, 103
S0189, FEZA BOYS', F, 0, 0, 0, 0, 0, 0, 0
S0189, FEZA BOYS', M, 54, 0, 0, 0, 0, 0, 54
S0189, FEZA BOYS', All, 54, 0, 0, 0, 0, 0, 54
S0190, ST.JOSEPH-KILOCHA SEMINARY, F, 0, 0, 0, 0, 0, 0, 0
S0190, ST.JOSEPH-KILOCHA SEMINARY, M, 15, 0, 0, 0, 0, 0, 15
S0190, ST.JOSEPH-KILOCHA SEMINARY, All, 15, 0, 0, 0, 0, 0, 15
S0198, AILANGA LUTHERAN JUNIOR SEMINARY, F, 7, 0, 0, 0, 0, 0, 7
S0198, AILANGA LUTHERAN JUNIOR SEMINARY, M, 4, 0, 0, 0, 0, 0, 4
S0198, AILANGA LUTHERAN JUNIOR SEMINARY, All, 11, 0, 0, 0, 0, 0, 11
S0201, ASHIRA, F, 177, 0, 0, 0, 0, 0, 177
S0201, ASHIRA, M, 0, 0, 0, 0, 0, 0, 0
S0201, ASHIRA, All, 177, 0, 0, 0, 0, 0, 177
S0202, BWIRU GIRLS, F, 207, 0, 0, 0, 0, 0, 207
S0202, BWIRU GIRLS, M, 0, 0, 0, 0, 0, 0, 0
S0202, BWIRU GIRLS, All, 207, 0, 0, 0, 0, 0, 207
S0203, IRINGA GIRLS, F, 93, 0, 0, 0, 0, 0, 93
S0203, IRINGA GIRLS, M, 0, 0, 0, 0, 0, 0, 0
S0203, IRINGA GIRLS, All, 93, 0, 0, 0, 0, 0, 93
S0204, JANGWANI, F, 81, 0, 0, 0, 0, 0, 81
S0204, JANGWANI, M, 0, 0, 0, 0, 0, 0, 0
S0204, JANGWANI, All, 81, 0, 0, 0, 0, 0, 81
S0205, KIBOSHO GIRLS, F, 67, 0, 0, 0, 0, 0, 67
S0205, KIBOSHO GIRLS, M, 0, 0, 0, 0, 0, 0, 0
S0205, KIBOSHO GIRLS, All, 67, 0, 0, 0, 0, 0, 67
S0206, KILAKALA, F, 60, 0, 0, 0, 0, 0, 60
S0206, KILAKALA, M, 0, 0, 0, 0, 0, 0, 0
S0206, KILAKALA, All, 60, 0, 0, 0, 0, 0, 60
S0207, KIRAENI GIRLS, F, 8, 0, 0, 0, 0, 0, 8
S0207, KIRAENI GIRLS, M, 0, 0, 0, 0, 0, 0, 0
S0207, KIRAENI GIRLS, All, 8, 0, 0, 0, 0, 0, 8
S0209, KOROGWE GIRLS, F, 143, 0, 0, 0, 0, 0, 143
S0209, KOROGWE GIRLS, M, 0, 0, 0, 0, 0, 0, 0
S0209, KOROGWE GIRLS, All, 143, 0, 0, 0, 0, 0, 143
S0210, BIGWA SISTERS SEMINARY, F, 34, 0, 0, 0, 0, 0, 34
S0210, BIGWA SISTERS SEMINARY, M, 0, 0, 0, 0, 0, 0, 0
S0210, BIGWA SISTERS SEMINARY, All, 34, 0, 0, 0, 0, 0, 34
S0211, LOLEZA, F, 242, 0, 0, 0, 0, 0, 242
S0211, LOLEZA, M, 0, 0, 0, 0, 0, 0, 0
S0211, LOLEZA, All, 242, 0, 0, 0, 0, 0, 242
S0212, MACHAME GIRLS, F, 220, 0, 0, 0, 0, 0, 220
S0212, MACHAME GIRLS, M, 0, 0, 0, 0, 0, 0, 0
S0212, MACHAME GIRLS, All, 220, 0, 0, 0, 0, 0, 220
S0213, MASASI GIRLS, F, 104, 0, 0, 0, 0, 0, 104
S0213, MASASI GIRLS, M, 0, 0, 0, 0, 0, 0, 0
S0213, MASASI GIRLS, All, 104, 0, 0, 0, 0, 0, 104
S0214, MSALATO, F, 60, 0, 0, 0, 0, 0, 60
S0214, MSALATO, M, 0, 0, 0, 0, 0, 0, 0
S0214, MSALATO, All, 60, 0, 0, 0, 0, 0, 60
S0215, MTWARA GIRLS, F, 123, 0, 0, 0, 0, 0, 123
S0215, MTWARA GIRLS, M, 0, 0, 0, 0, 0, 0, 0
S0215, MTWARA GIRLS, All, 123, 0, 0, 0, 0, 0, 123
S0216, NGANZA, F, 291, 0, 0, 0, 0, 0, 291
S0216, NGANZA, M, 0, 0, 0, 0, 0, 0, 0
S0216, NGANZA, All, 291, 0, 0, 0, 0, 0, 291
S0217, PERAMIHO GIRLS, F, 16, 0, 0, 0, 0, 0, 16
S0217, PERAMIHO GIRLS, M, 0, 0, 0, 0, 0, 0, 0
S0217, PERAMIHO GIRLS, All, 16, 0, 0, 0, 0, 0, 16
S0218, RUGAMBWA, F, 69, 0, 0, 0, 0, 0, 69
S0218, RUGAMBWA, M, 0, 0, 0, 0, 0, 0, 0
S0218, RUGAMBWA, All, 69, 0, 0, 0, 0, 0, 69
S0219, SONGEA GIRLS, F, 202, 0, 0, 0, 0, 0, 202
S0219, SONGEA GIRLS, M, 0, 0, 0, 0, 0, 0, 0
S0219, SONGEA GIRLS, All, 202, 0, 0, 0, 0, 0, 202
S0220, TABORA GIRLS, F, 61, 0, 0, 0, 0, 0, 61
S0220, TABORA GIRLS, M, 0, 0, 0, 0, 0, 0, 0
S0220, TABORA GIRLS, All, 61, 0, 0, 0, 0, 0, 61
S0221, WERUWERU, F, 272, 0, 0, 0, 0, 0, 272
S0221, WERUWERU, M, 0, 0, 0, 0, 0, 0, 0
S0221, WERUWERU, All, 272, 0, 0, 0, 0, 0, 272
S0222, ZANAKI, F, 37, 0, 0, 0, 0, 0, 37
S0222, ZANAKI, M, 0, 0, 0, 0, 0, 0, 0
S0222, ZANAKI, All, 37, 0, 0, 0, 0, 0, 37
S0223, MASAMA GIRLS, F, 18, 0, 0, 0, 0, 0, 18
S0223, MASAMA GIRLS, M, 0, 0, 0, 0, 0, 0, 0
S0223, MASAMA GIRLS, All, 18, 0, 0, 0, 0, 0, 18
S0224, KIFUNGILO GIRLS, F, 65, 0, 0, 0, 0, 0, 65
S0224, KIFUNGILO GIRLS, M, 0, 0, 0, 0, 0, 0, 0
S0224, KIFUNGILO GIRLS, All, 65, 0, 0, 0, 0, 0, 65
S0227, MASWA GIRLS, F, 157, 0, 0, 0, 0, 0, 157
S0227, MASWA GIRLS, M, 0, 0, 0, 0, 0, 0, 0
S0227, MASWA GIRLS, All, 157, 0, 0, 0, 0, 0, 157
S0228, MPANDA GIRLS, F, 130, 0, 0, 0, 0, 0, 130
S0228, MPANDA GIRLS, M, 0, 0, 0, 0, 0, 0, 0
S0228, MPANDA GIRLS, All, 130, 0, 0, 0, 0, 0, 130
S0229, KONDOA GIRLS, F, 134, 0, 0, 0, 0, 0, 134
S0229, KONDOA GIRLS, M, 0, 0, 0, 0, 0, 0, 0
S0229, KONDOA GIRLS, All, 134, 0, 0, 0, 0, 0, 134
S0230, KIBONDO, F, 65, 0, 0, 0, 0, 0, 65
S0230, KIBONDO, M, 0, 0, 0, 0, 0, 0, 0
S0230, KIBONDO, All, 65, 0, 0, 0, 0, 0, 65
S0233, ST.MARY'S MAZINDE JUU, F, 120, 0, 0, 0, 0, 0, 120
S0233, ST.MARY'S MAZINDE JUU, M, 0, 0, 0, 0, 0, 0, 0
S0233, ST.MARY'S MAZINDE JUU, All, 120, 0, 0, 0, 0, 0, 120
S0234, ST.LUISE MBINGA GIRLS, F, 16, 0, 0, 0, 0, 0, 16
S0234, ST.LUISE MBINGA GIRLS, M, 0, 0, 0, 0, 0, 0, 0
S0234, ST.LUISE MBINGA GIRLS, All, 16, 0, 0, 0, 0, 0, 16
S0240, ST.JOSEPH GIRLS SEMINARY, F, 16, 0, 0, 0, 0, 0, 16
S0240, ST.JOSEPH GIRLS SEMINARY, M, 0, 0, 0, 0, 0, 0, 0
S0240, ST.JOSEPH GIRLS SEMINARY, All, 16, 0, 0, 0, 0, 0, 16
S0245, PALLOTI GIRLS, F, 28, 0, 0, 0, 0, 0, 28
S0245, PALLOTI GIRLS, M, 0, 0, 0, 0, 0, 0, 0
S0245, PALLOTI GIRLS, All, 28, 0, 0, 0, 0, 0, 28
S0246, MAASAE GIRLS LUTHERAN SCH, F, 15, 0, 0, 0, 0, 0, 15
S0246, MAASAE GIRLS LUTHERAN SCH, M, 0, 0, 0, 0, 0, 0, 0
S0246, MAASAE GIRLS LUTHERAN SCH, All, 15, 0, 0, 0, 0, 0, 15
S0247, BONICONSILI MABAMBA GIRLS SEC.SCHOOL, F, 19, 0, 0, 0, 0, 0, 19
S0247, BONICONSILI MABAMBA GIRLS SEC.SCHOOL, M, 0, 0, 0, 0, 0, 0, 0
S0247, BONICONSILI MABAMBA GIRLS SEC.SCHOOL, All, 19, 0, 0, 0, 0, 0, 19
S0248, MARIAN GIRLS, F, 155, 0, 0, 0, 0, 0, 155
S0248, MARIAN GIRLS, M, 0, 0, 0, 0, 0, 0, 0
S0248, MARIAN GIRLS, All, 155, 0, 0, 0, 0, 0, 155
S0249, LORETO GIRLS, F, 91, 0, 0, 0, 0, 0, 91
S0249, LORETO GIRLS, M, 0, 0, 0, 0, 0, 0, 0
S0249, LORETO GIRLS, All, 91, 0, 0, 0, 0, 0, 91
S0252, AL-KHEIR ISLAMIC GIRLS SEMINARY, F, 8, 0, 0, 0, 0, 0, 8
S0252, AL-KHEIR ISLAMIC GIRLS SEMINARY, M, 0, 0, 0, 0, 0, 0, 0
S0252, AL-KHEIR ISLAMIC GIRLS SEMINARY, All, 8, 0, 0, 0, 0, 0, 8
S0255, ST.CHRISTINA GIRL'S SCHOOL, F, 101, 0, 0, 0, 0, 0, 101
S0255, ST.CHRISTINA GIRL'S SCHOOL, M, 0, 0, 0, 0, 0, 0, 0
S0255, ST.CHRISTINA GIRL'S SCHOOL, All, 101, 0, 0, 0, 0, 0, 101
S0256, HURUMA GIRLS, F, 17, 0, 0, 0, 0, 0, 17
S0256, HURUMA GIRLS, M, 0, 0, 0, 0, 0, 0, 0
S0256, HURUMA GIRLS, All, 17, 0, 0, 0, 0, 0, 17
S0263, VISITATION GIRLS', F, 24, 0, 0, 0, 0, 0, 24
S0263, VISITATION GIRLS', M, 0, 0, 0, 0, 0, 0, 0
S0263, VISITATION GIRLS', All, 24, 0, 0, 0, 0, 0, 24
S0264, BARBRO-JOHANSSON, F, 97, 0, 0, 0, 0, 0, 97
S0264, BARBRO-JOHANSSON, M, 0, 0, 0, 0, 0, 0, 0
S0264, BARBRO-JOHANSSON, All, 97, 0, 0, 0, 0, 0, 97
S0266, REGINAMUNDI GIRLS', F, 2, 0, 0, 0, 0, 0, 2
S0266, REGINAMUNDI GIRLS', M, 0, 0, 0, 0, 0, 0, 0
S0266, REGINAMUNDI GIRLS', All, 2, 0, 0, 0, 0, 0, 2
S0271, MANYUNYU, F, 18, 0, 0, 0, 0, 0, 18
S0271, MANYUNYU, M, 0, 0, 0, 0, 0, 0, 0
S0271, MANYUNYU, All, 18, 0, 0, 0, 0, 0, 18
S0272, AL-IHSAN GIRLS, F, 21, 0, 0, 0, 0, 0, 21
S0272, AL-IHSAN GIRLS, M, 0, 0, 0, 0, 0, 0, 0
S0272, AL-IHSAN GIRLS, All, 21, 0, 0, 0, 0, 0, 21
S0276, IFUNDA GIRLS, F, 213, 0, 0, 0, 0, 0, 213
S0276, IFUNDA GIRLS, M, 0, 0, 0, 0, 0, 0, 0
S0276, IFUNDA GIRLS, All, 213, 0, 0, 0, 0, 0, 213
S0281, CHIEF IHUNYO SEC SCHOOL, F, 104, 0, 0, 0, 0, 0, 104
S0281, CHIEF IHUNYO SEC SCHOOL, M, 0, 0, 0, 0, 0, 0, 0
S0281, CHIEF IHUNYO SEC SCHOOL, All, 104, 0, 0, 0, 0, 0, 104
S0298, FEZA GIRLS', F, 67, 0, 0, 0, 0, 0, 67
S0298, FEZA GIRLS', M, 0, 0, 0, 0, 0, 0, 0
S0298, FEZA GIRLS', All, 67, 0, 0, 0, 0, 0, 67
S0299, MKUGWA, F, 16, 0, 0, 0, 0, 0, 16
S0299, MKUGWA, M, 0, 0, 0, 0, 0, 0, 0
S0299, MKUGWA, All, 16, 0, 0, 0, 0, 0, 16
S0302, ARUSHA, F, 47, 0, 0, 0, 0, 0, 47
S0302, ARUSHA, M, 34, 0, 0, 0, 0, 0, 34
S0302, ARUSHA, All, 81, 0, 0, 0, 0, 0, 81
S0303, ARUSHA-MERU, F, 3, 0, 0, 0, 0, 0, 3
S0303, ARUSHA-MERU, M, 6, 0, 0, 0, 0, 0, 6
S0303, ARUSHA-MERU, All, 9, 0, 0, 0, 0, 0, 9
S0304, BUKOBA, F, 41, 0, 0, 0, 0, 0, 41
S0304, BUKOBA, M, 0, 0, 0, 0, 0, 0, 0
S0304, BUKOBA, All, 41, 0, 0, 0, 0, 0, 41
S0306, DODOMA, F, 91, 0, 0, 0, 0, 0, 91
S0306, DODOMA, M, 36, 0, 0, 0, 0, 0, 36
S0306, DODOMA, All, 127, 0, 0, 0, 0, 0, 127
S0308, ENABOISHU, F, 11, 0, 0, 0, 0, 0, 11
S0308, ENABOISHU, M, 21, 0, 0, 0, 0, 0, 21
S0308, ENABOISHU, All, 32, 0, 0, 0, 0, 0, 32
S0309, FIDEL CASTRO, F, 26, 0, 0, 0, 0, 0, 26
S0309, FIDEL CASTRO, M, 52, 0, 0, 0, 0, 0, 52
S0309, FIDEL CASTRO, All, 78, 0, 0, 0, 0, 0, 78
S0310, FOREST HILL, F, 1, 0, 0, 0, 0, 0, 1
S0310, FOREST HILL, M, 2, 0, 0, 0, 0, 0, 2
S0310, FOREST HILL, All, 3, 0, 0, 0, 0, 0, 3
S0312, HIGHLANDS, F, 4, 0, 0, 0, 0, 0, 4
S0312, HIGHLANDS, M, 12, 0, 0, 0, 0, 0, 12
S0312, HIGHLANDS, All, 16, 0, 0, 0, 0, 0, 16
S0313, IKIZU, F, 3, 0, 0, 0, 0, 0, 3
S0313, IKIZU, M, 7, 0, 0, 0, 0, 0, 7
S0313, IKIZU, All, 10, 0, 0, 0, 0, 0, 10
S0314, KAZIMA, F, 56, 0, 0, 0, 0, 0, 56
S0314, KAZIMA, M, 65, 0, 0, 0, 0, 0, 65
S0314, KAZIMA, All, 121, 0, 0, 0, 0, 0, 121
S0316, KIBASILA, F, 47, 0, 0, 0, 0, 0, 47
S0316, KIBASILA, M, 124, 0, 0, 0, 0, 0, 124
S0316, KIBASILA, All, 171, 0, 0, 0, 0, 0, 171
S0320, KIGOMA, F, 0, 0, 0, 0, 0, 0, 0
S0320, KIGOMA, M, 158, 0, 0, 0, 0, 0, 158
S0320, KIGOMA, All, 158, 0, 0, 0, 0, 0, 158
S0323, LAKE, F, 9, 0, 0, 0, 0, 0, 9
S0323, LAKE, M, 24, 0, 0, 0, 0, 0, 24
S0323, LAKE, All, 33, 0, 0, 0, 0, 0, 33
S0324, LINDI, F, 0, 0, 0, 0, 0, 0, 0
S0324, LINDI, M, 132, 0, 0, 0, 0, 0, 132
S0324, LINDI, All, 132, 0, 0, 0, 0, 0, 132
S0325, LUGALO, F, 78, 0, 0, 0, 0, 0, 78
S0325, LUGALO, M, 0, 0, 0, 0, 0, 0, 0
S0325, LUGALO, All, 78, 0, 0, 0, 0, 0, 78
S0326, LUMUMBA, F, 40, 0, 0, 0, 0, 0, 40
S0326, LUMUMBA, M, 58, 0, 0, 0, 0, 0, 58
S0326, LUMUMBA, All, 98, 0, 0, 0, 0, 0, 98
S0328, MAWENZI, F, 70, 0, 0, 0, 0, 0, 70
S0328, MAWENZI, M, 0, 0, 0, 0, 0, 0, 0
S0328, MAWENZI, All, 70, 0, 0, 0, 0, 0, 70
S0329, MAKUMIRA, F, 7, 0, 0, 0, 0, 0, 7
S0329, MAKUMIRA, M, 16, 0, 0, 0, 0, 0, 16
S0329, MAKUMIRA, All, 23, 0, 0, 0, 0, 0, 23
S0330, MBEYA, F, 66, 0, 0, 0, 0, 0, 66
S0330, MBEYA, M, 63, 0, 0, 0, 0, 0, 63
S0330, MBEYA, All, 129, 0, 0, 0, 0, 0, 129
S0332, MOROGORO, F, 90, 0, 0, 0, 0, 0, 90
S0332, MOROGORO, M, 40, 0, 0, 0, 0, 0, 40
S0332, MOROGORO, All, 130, 0, 0, 0, 0, 0, 130
S0333, MWANZA, F, 93, 0, 0, 0, 0, 0, 93
S0333, MWANZA, M, 92, 0, 0, 0, 0, 0, 92
S0333, MWANZA, All, 185, 0, 0, 0, 0, 0, 185
S0334, MWENGE, F, 0, 0, 0, 0, 0, 0, 0
S0334, MWENGE, M, 344, 0, 0, 0, 0, 0, 344
S0334, MWENGE, All, 344, 0, 0, 0, 0, 0, 344
S0335, MZIZIMA, F, 3, 0, 0, 0, 0, 0, 3
S0335, MZIZIMA, M, 6, 0, 0, 0, 0, 0, 6
S0335, MZIZIMA, All, 9, 0, 0, 0, 0, 0, 9
S0338, NDANDA, F, 0, 0, 0, 0, 0, 0, 0
S0338, NDANDA, M, 424, 0, 0, 0, 0, 0, 424
S0338, NDANDA, All, 424, 0, 0, 0, 0, 0, 424
S0341, SANGU, F, 38, 0, 0, 0, 0, 0, 38
S0341, SANGU, M, 145, 0, 0, 0, 0, 0, 145
S0341, SANGU, All, 183, 0, 0, 0, 0, 0, 183
S0342, SHAABAN ROBERT, F, 18, 0, 0, 0, 0, 0, 18
S0342, SHAABAN ROBERT, M, 26, 0, 0, 0, 0, 0, 26
S0342, SHAABAN ROBERT, All, 44, 0, 0, 0, 0, 0, 44
S0345, USAGARA, F, 3, 0, 0, 0, 0, 0, 3
S0345, USAGARA, M, 244, 0, 0, 0, 0, 0, 244
S0345, USAGARA, All, 247, 0, 0, 0, 0, 0, 247
S0346, UYUI, F, 1, 0, 0, 0, 0, 0, 1
S0346, UYUI, M, 14, 0, 0, 0, 0, 0, 14
S0346, UYUI, All, 15, 0, 0, 0, 0, 0, 15
S0347, TAMBAZA, F, 93, 0, 0, 0, 0, 0, 93
S0347, TAMBAZA, M, 201, 0, 0, 0, 0, 0, 201
S0347, TAMBAZA, All, 294, 0, 0, 0, 0, 0, 294
S0348, TUMAINI, F, 42, 0, 0, 0, 0, 0, 42
S0348, TUMAINI, M, 0, 0, 0, 0, 0, 0, 0
S0348, TUMAINI, All, 42, 0, 0, 0, 0, 0, 42
S0351, BAGAMOYO, F, 92, 0, 0, 0, 0, 0, 92
S0351, BAGAMOYO, M, 264, 0, 0, 0, 0, 0, 264
S0351, BAGAMOYO, All, 356, 0, 0, 0, 0, 0, 356
S0352, TARIME, F, 0, 0, 0, 0, 0, 0, 0
S0352, TARIME, M, 276, 0, 0, 0, 0, 0, 276
S0352, TARIME, All, 276, 0, 0, 0, 0, 0, 276
S0353, PARANE, F, 3, 0, 0, 0, 0, 0, 3
S0353, PARANE, M, 12, 0, 0, 0, 0, 0, 12
S0353, PARANE, All, 15, 0, 0, 0, 0, 0, 15
S0355, LOMWE, F, 7, 0, 0, 0, 0, 0, 7
S0355, LOMWE, M, 16, 0, 0, 0, 0, 0, 16
S0355, LOMWE, All, 23, 0, 0, 0, 0, 0, 23
S0356, VUNJO, F, 7, 0, 0, 0, 0, 0, 7
S0356, VUNJO, M, 18, 0, 0, 0, 0, 0, 18
S0356, VUNJO, All, 25, 0, 0, 0, 0, 0, 25
S0359, KIGURUNYEMBE, F, 3, 0, 0, 0, 0, 0, 3
S0359, KIGURUNYEMBE, M, 8, 0, 0, 0, 0, 0, 8
S0359, KIGURUNYEMBE, All, 11, 0, 0, 0, 0, 0, 11
S0360, KISHOJU, F, 20, 0, 0, 0, 0, 0, 20
S0360, KISHOJU, M, 82, 0, 0, 0, 0, 0, 82
S0360, KISHOJU, All, 102, 0, 0, 0, 0, 0, 102
S0361, SINGE, F, 10, 0, 0, 0, 0, 0, 10
S0361, SINGE, M, 14, 0, 0, 0, 0, 0, 14
S0361, SINGE, All, 24, 0, 0, 0, 0, 0, 24
S0364, KARATU, F, 0, 0, 0, 0, 0, 0, 0
S0364, KARATU, M, 421, 0, 0, 0, 0, 0, 421
S0364, KARATU, All, 421, 0, 0, 0, 0, 0, 421
S0367, KILOSA, F, 0, 0, 0, 0, 0, 0, 0
S0367, KILOSA, M, 53, 0, 0, 0, 0, 0, 53
S0367, KILOSA, All, 53, 0, 0, 0, 0, 0, 53
S0369, RUVU, F, 261, 0, 0, 0, 0, 0, 261
S0369, RUVU, M, 0, 0, 0, 0, 0, 0, 0
S0369, RUVU, All, 261, 0, 0, 0, 0, 0, 261
S0370, IFAKARA, F, 141, 0, 0, 0, 0, 0, 141
S0370, IFAKARA, M, 0, 0, 0, 0, 0, 0, 0
S0370, IFAKARA, All, 141, 0, 0, 0, 0, 0, 141
S0380, UCHAMA, F, 1, 0, 0, 0, 0, 0, 1
S0380, UCHAMA, M, 3, 0, 0, 0, 0, 0, 3
S0380, UCHAMA, All, 4, 0, 0, 0, 0, 0, 4
S0381, UTAANI, F, 5, 0, 0, 0, 0, 0, 5
S0381, UTAANI, M, 8, 0, 0, 0, 0, 0, 8
S0381, UTAANI, All, 13, 0, 0, 0, 0, 0, 13
S0382, TUMEKUJA, F, 16, 0, 0, 0, 0, 0, 16
S0382, TUMEKUJA, M, 13, 0, 0, 0, 0, 0, 13
S0382, TUMEKUJA, All, 29, 0, 0, 0, 0, 0, 29
S0383, BEN BELLA, F, 75, 0, 0, 0, 0, 0, 75
S0383, BEN BELLA, M, 0, 0, 0, 0, 0, 0, 0
S0383, BEN BELLA, All, 75, 0, 0, 0, 0, 0, 75
S0385, UJIJI, F, 0, 0, 0, 0, 0, 0, 0
S0385, UJIJI, M, 1, 0, 0, 0, 0, 0, 1
S0385, UJIJI, All, 1, 0, 0, 0, 0, 0, 1
S0386, GEITA, F, 0, 0, 0, 0, 0, 0, 0
S0386, GEITA, M, 186, 0, 0, 0, 0, 0, 186
S0386, GEITA, All, 186, 0, 0, 0, 0, 0, 186
S0387, KARAGWE, F, 4, 0, 0, 0, 0, 0, 4
S0387, KARAGWE, M, 15, 0, 0, 0, 0, 0, 15
S0387, KARAGWE, All, 19, 0, 0, 0, 0, 0, 19
S0388, MARANGU, F, 13, 0, 0, 0, 0, 0, 13
S0388, MARANGU, M, 31, 0, 0, 0, 0, 0, 31
S0388, MARANGU, All, 44, 0, 0, 0, 0, 0, 44
S0389, SHAURITANGA, F, 2, 0, 0, 0, 0, 0, 2
S0389, SHAURITANGA, M, 12, 0, 0, 0, 0, 0, 12
S0389, SHAURITANGA, All, 14, 0, 0, 0, 0, 0, 14
S0392, VIKOKOTONI, F, 21, 0, 0, 0, 0, 0, 21
S0392, VIKOKOTONI, M, 23, 0, 0, 0, 0, 0, 23
S0392, VIKOKOTONI, All, 44, 0, 0, 0, 0, 0, 44
S0397, RULENGE, F, 2, 0, 0, 0, 0, 0, 2
S0397, RULENGE, M, 5, 0, 0, 0, 0, 0, 5
S0397, RULENGE, All, 7, 0, 0, 0, 0, 0, 7
S0404, TUNDURU, F, 0, 0, 0, 0, 0, 0, 0
S0404, TUNDURU, M, 152, 0, 0, 0, 0, 0, 152
S0404, TUNDURU, All, 152, 0, 0, 0, 0, 0, 152
S0405, BIHARAMULO, F, 0, 0, 0, 0, 0, 0, 0
S0405, BIHARAMULO, M, 54, 0, 0, 0, 0, 0, 54
S0405, BIHARAMULO, All, 54, 0, 0, 0, 0, 0, 54
S0413, KIBITI, F, 0, 0, 0, 0, 0, 0, 0
S0413, KIBITI, M, 381, 0, 0, 0, 0, 0, 381
S0413, KIBITI, All, 381, 0, 0, 0, 0, 0, 381
S0417, MWAKALELI, F, 36, 0, 0, 0, 0, 0, 36
S0417, MWAKALELI, M, 133, 0, 0, 0, 0, 0, 133
S0417, MWAKALELI, All, 169, 0, 0, 0, 0, 0, 169
S0418, LUTENGANO, F, 1, 0, 0, 0, 0, 0, 1
S0418, LUTENGANO, M, 6, 0, 0, 0, 0, 0, 6
S0418, LUTENGANO, All, 7, 0, 0, 0, 0, 0, 7
S0419, CHOME, F, 0, 0, 0, 0, 0, 0, 0
S0419, CHOME, M, 2, 0, 0, 0, 0, 0, 2
S0419, CHOME, All, 2, 0, 0, 0, 0, 0, 2
S0427, MAKAMBAKO, F, 53, 0, 0, 0, 0, 0, 53
S0427, MAKAMBAKO, M, 0, 0, 0, 0, 0, 0, 0
S0427, MAKAMBAKO, All, 53, 0, 0, 0, 0, 0, 53
S0430, UWEMBA, F, 24, 0, 0, 0, 0, 0, 24
S0430, UWEMBA, M, 39, 0, 0, 0, 0, 0, 39
S0430, UWEMBA, All, 63, 0, 0, 0, 0, 0, 63
S0431, MTWANGO, F, 5, 0, 0, 0, 0, 0, 5
S0431, MTWANGO, M, 1, 0, 0, 0, 0, 0, 1
S0431, MTWANGO, All, 6, 0, 0, 0, 0, 0, 6
S0437, AL-MUNTAZIR ISLAMIC SEMINARY, F, 22, 0, 0, 0, 0, 0, 22
S0437, AL-MUNTAZIR ISLAMIC SEMINARY, M, 13, 0, 0, 0, 0, 0, 13
S0437, AL-MUNTAZIR ISLAMIC SEMINARY, All, 35, 0, 0, 0, 0, 0, 35
S0438, MASJID QUBAH MUSLIM SEMINARY, F, 6, 0, 0, 0, 0, 0, 6
S0438, MASJID QUBAH MUSLIM SEMINARY, M, 10, 0, 0, 0, 0, 0, 10
S0438, MASJID QUBAH MUSLIM SEMINARY, All, 16, 0, 0, 0, 0, 0, 16
S0439, BUPANDAGILA, F, 1, 0, 0, 0, 0, 0, 1
S0439, BUPANDAGILA, M, 4, 0, 0, 0, 0, 0, 4
S0439, BUPANDAGILA, All, 5, 0, 0, 0, 0, 0, 5
S0443, META, F, 20, 0, 0, 0, 0, 0, 20
S0443, META, M, 108, 0, 0, 0, 0, 0, 108
S0443, META, All, 128, 0, 0, 0, 0, 0, 128
S0444, ITAMBA, F, 1, 0, 0, 0, 0, 0, 1
S0444, ITAMBA, M, 4, 0, 0, 0, 0, 0, 4
S0444, ITAMBA, All, 5, 0, 0, 0, 0, 0, 5
S0445, MWEMBETOGWA, F, 13, 0, 0, 0, 0, 0, 13
S0445, MWEMBETOGWA, M, 37, 0, 0, 0, 0, 0, 37
S0445, MWEMBETOGWA, All, 50, 0, 0, 0, 0, 0, 50
S0448, SADANI, F, 0, 0, 0, 0, 0, 0, 0
S0448, SADANI, M, 119, 0, 0, 0, 0, 0, 119
S0448, SADANI, All, 119, 0, 0, 0, 0, 0, 119
S0449, J.J.MUNGAI, F, 45, 0, 0, 0, 0, 0, 45
S0449, J.J.MUNGAI, M, 59, 0, 0, 0, 0, 0, 59
S0449, J.J.MUNGAI, All, 104, 0, 0, 0, 0, 0, 104
S0457, IGAWILO, F, 2, 0, 0, 0, 0, 0, 2
S0457, IGAWILO, M, 11, 0, 0, 0, 0, 0, 11
S0457, IGAWILO, All, 13, 0, 0, 0, 0, 0, 13
S0461, JOHN PAUL II KAHAMA, F, 6, 0, 0, 0, 0, 0, 6
S0461, JOHN PAUL II KAHAMA, M, 11, 0, 0, 0, 0, 0, 11
S0461, JOHN PAUL II KAHAMA, All, 17, 0, 0, 0, 0, 0, 17
S0465, JAMHURI, F, 17, 0, 0, 0, 0, 0, 17
S0465, JAMHURI, M, 52, 0, 0, 0, 0, 0, 52
S0465, JAMHURI, All, 69, 0, 0, 0, 0, 0, 69
S0473, KANYIGO, F, 8, 0, 0, 0, 0, 0, 8
S0473, KANYIGO, M, 11, 0, 0, 0, 0, 0, 11
S0473, KANYIGO, All, 19, 0, 0, 0, 0, 0, 19
S0483, SAME SEMINARY, F, 1, 0, 0, 0, 0, 0, 1
S0483, SAME SEMINARY, M, 3, 0, 0, 0, 0, 0, 3
S0483, SAME SEMINARY, All, 4, 0, 0, 0, 0, 0, 4
S0485, MAJENGO, F, 99, 0, 0, 0, 0, 0, 99
S0485, MAJENGO, M, 338, 0, 0, 0, 0, 0, 338
S0485, MAJENGO, All, 437, 0, 0, 0, 0, 0, 437
S0488, RUTABO, F, 0, 0, 0, 0, 0, 0, 0
S0488, RUTABO, M, 63, 0, 0, 0, 0, 0, 63
S0488, RUTABO, All, 63, 0, 0, 0, 0, 0, 63
S0489, SUJI, F, 4, 0, 0, 0, 0, 0, 4
S0489, SUJI, M, 5, 0, 0, 0, 0, 0, 5
S0489, SUJI, All, 9, 0, 0, 0, 0, 0, 9
S0493, AL-HARAMAIN ISLAMIC SEMINARY, F, 6, 0, 0, 0, 0, 0, 6
S0493, AL-HARAMAIN ISLAMIC SEMINARY, M, 8, 0, 0, 0, 0, 0, 8
S0493, AL-HARAMAIN ISLAMIC SEMINARY, All, 14, 0, 0, 0, 0, 0, 14
S0496, JITEGEMEE, F, 36, 0, 0, 0, 0, 0, 36
S0496, JITEGEMEE, M, 107, 0, 0, 0, 0, 0, 107
S0496, JITEGEMEE, All, 143, 0, 0, 0, 0, 0, 143
S0506, UNGWASI, F, 4, 0, 0, 0, 0, 0, 4
S0506, UNGWASI, M, 9, 0, 0, 0, 0, 0, 9
S0506, UNGWASI, All, 13, 0, 0, 0, 0, 0, 13
S0515, ILULA, F, 0, 0, 0, 0, 0, 0, 0
S0515, ILULA, M, 41, 0, 0, 0, 0, 0, 41
S0515, ILULA, All, 41, 0, 0, 0, 0, 0, 41
S0516, MOMBO, F, 5, 0, 0, 0, 0, 0, 5
S0516, MOMBO, M, 9, 0, 0, 0, 0, 0, 9
S0516, MOMBO, All, 14, 0, 0, 0, 0, 0, 14
S0526, MRINGA, F, 56, 0, 0, 0, 0, 0, 56
S0526, MRINGA, M, 0, 0, 0, 0, 0, 0, 0
S0526, MRINGA, All, 56, 0, 0, 0, 0, 0, 56
S0527, ULAYASI, F, 30, 0, 0, 0, 0, 0, 30
S0527, ULAYASI, M, 92, 0, 0, 0, 0, 0, 92
S0527, ULAYASI, All, 122, 0, 0, 0, 0, 0, 122
S0531, RUAHA, F, 6, 0, 0, 0, 0, 0, 6
S0531, RUAHA, M, 8, 0, 0, 0, 0, 0, 8
S0531, RUAHA, All, 14, 0, 0, 0, 0, 0, 14
S0534, ST.ANTHONY'S, F, 93, 0, 0, 0, 0, 0, 93
S0534, ST.ANTHONY'S, M, 167, 0, 0, 0, 0, 0, 167
S0534, ST.ANTHONY'S, All, 260, 0, 0, 0, 0, 0, 260
S0538, VWAWA, F, 31, 0, 0, 0, 0, 0, 31
S0538, VWAWA, M, 0, 0, 0, 0, 0, 0, 0
S0538, VWAWA, All, 31, 0, 0, 0, 0, 0, 31
S0539, MAGU, F, 32, 0, 0, 0, 0, 0, 32
S0539, MAGU, M, 135, 0, 0, 0, 0, 0, 135
S0539, MAGU, All, 167, 0, 0, 0, 0, 0, 167
S0540, MAPOSENI, F, 17, 0, 0, 0, 0, 0, 17
S0540, MAPOSENI, M, 32, 0, 0, 0, 0, 0, 32
S0540, MAPOSENI, All, 49, 0, 0, 0, 0, 0, 49
S0544, MKUU, F, 80, 0, 0, 0, 0, 0, 80
S0544, MKUU, M, 179, 0, 0, 0, 0, 0, 179
S0544, MKUU, All, 259, 0, 0, 0, 0, 0, 259
S0546, PAMBA, F, 4, 0, 0, 0, 0, 0, 4
S0546, PAMBA, M, 48, 0, 0, 0, 0, 0, 48
S0546, PAMBA, All, 52, 0, 0, 0, 0, 0, 52
S0548, SHAMBALAI, F, 0, 0, 0, 0, 0, 0, 0
S0548, SHAMBALAI, M, 61, 0, 0, 0, 0, 0, 61
S0548, SHAMBALAI, All, 61, 0, 0, 0, 0, 0, 61
S0549, LUGOBA, F, 84, 0, 0, 0, 0, 0, 84
S0549, LUGOBA, M, 148, 0, 0, 0, 0, 0, 148
S0549, LUGOBA, All, 232, 0, 0, 0, 0, 0, 232
S0554, NGUDU, F, 0, 0, 0, 0, 0, 0, 0
S0554, NGUDU, M, 161, 0, 0, 0, 0, 0, 161
S0554, NGUDU, All, 161, 0, 0, 0, 0, 0, 161
S0560, KASULU, F, 0, 0, 0, 0, 0, 0, 0
S0560, KASULU, M, 4, 0, 0, 0, 0, 0, 4
S0560, KASULU, All, 4, 0, 0, 0, 0, 0, 4
S0561, MONTFORT, F, 0, 0, 0, 0, 0, 0, 0
S0561, MONTFORT, M, 5, 0, 0, 0, 0, 0, 5
S0561, MONTFORT, All, 5, 0, 0, 0, 0, 0, 5
S0578, TAQWA, F, 16, 0, 0, 0, 0, 0, 16
S0578, TAQWA, M, 40, 0, 0, 0, 0, 0, 40
S0578, TAQWA, All, 56, 0, 0, 0, 0, 0, 56
S0580, IGOWOLE, F, 27, 0, 0, 0, 0, 0, 27
S0580, IGOWOLE, M, 0, 0, 0, 0, 0, 0, 0
S0580, IGOWOLE, All, 27, 0, 0, 0, 0, 0, 27
S0581, ILEJE, F, 11, 0, 0, 0, 0, 0, 11
S0581, ILEJE, M, 68, 0, 0, 0, 0, 0, 68
S0581, ILEJE, All, 79, 0, 0, 0, 0, 0, 79
S0584, LWANDAI, F, 9, 0, 0, 0, 0, 0, 9
S0584, LWANDAI, M, 15, 0, 0, 0, 0, 0, 15
S0584, LWANDAI, All, 24, 0, 0, 0, 0, 0, 24
S0585, MUNANILA, F, 0, 0, 0, 0, 0, 0, 0
S0585, MUNANILA, M, 34, 0, 0, 0, 0, 0, 34
S0585, MUNANILA, All, 34, 0, 0, 0, 0, 0, 34
S0586, KAISHO, F, 0, 0, 0, 0, 0, 0, 0
S0586, KAISHO, M, 1, 0, 0, 0, 0, 0, 1
S0586, KAISHO, All, 1, 0, 0, 0, 0, 0, 1
S0590, WILIMA, F, 2, 0, 0, 0, 0, 0, 2
S0590, WILIMA, M, 2, 0, 0, 0, 0, 0, 2
S0590, WILIMA, All, 4, 0, 0, 0, 0, 0, 4
S0596, LIWALE DAY, F, 0, 0, 0, 0, 0, 0, 0
S0596, LIWALE DAY, M, 44, 0, 0, 0, 0, 0, 44
S0596, LIWALE DAY, All, 44, 0, 0, 0, 0, 0, 44
S0607, LULUMBA, F, 0, 0, 0, 0, 0, 0, 0
S0607, LULUMBA, M, 79, 0, 0, 0, 0, 0, 79
S0607, LULUMBA, All, 79, 0, 0, 0, 0, 0, 79
S0609, MATAI, F, 0, 0, 0, 0, 0, 0, 0
S0609, MATAI, M, 33, 0, 0, 0, 0, 0, 33
S0609, MATAI, All, 33, 0, 0, 0, 0, 0, 33
S0610, NKASI, F, 15, 0, 0, 0, 0, 0, 15
S0610, NKASI, M, 59, 0, 0, 0, 0, 0, 59
S0610, NKASI, All, 74, 0, 0, 0, 0, 0, 74
S0611, KABANGA, F, 26, 0, 0, 0, 0, 0, 26
S0611, KABANGA, M, 70, 0, 0, 0, 0, 0, 70
S0611, KABANGA, All, 96, 0, 0, 0, 0, 0, 96
S0612, KAGANGO, F, 0, 0, 0, 0, 0, 0, 0
S0612, KAGANGO, M, 43, 0, 0, 0, 0, 0, 43
S0612, KAGANGO, All, 43, 0, 0, 0, 0, 0, 43
S0614, NYERERE, F, 0, 0, 0, 0, 0, 0, 0
S0614, NYERERE, M, 67, 0, 0, 0, 0, 0, 67
S0614, NYERERE, All, 67, 0, 0, 0, 0, 0, 67
S0617, LUSANGA, F, 47, 0, 0, 0, 0, 0, 47
S0617, LUSANGA, M, 0, 0, 0, 0, 0, 0, 0
S0617, LUSANGA, All, 47, 0, 0, 0, 0, 0, 47
S0620, TEGETA, F, 7, 0, 0, 0, 0, 0, 7
S0620, TEGETA, M, 23, 0, 0, 0, 0, 0, 23
S0620, TEGETA, All, 30, 0, 0, 0, 0, 0, 30
S0622, KUNDUCHI GIRLS ISLAMIC HIGH SCHOOL, F, 5, 0, 0, 0, 0, 0, 5
S0622, KUNDUCHI GIRLS ISLAMIC HIGH SCHOOL, M, 0, 0, 0, 0, 0, 0, 0
S0622, KUNDUCHI GIRLS ISLAMIC HIGH SCHOOL, All, 5, 0, 0, 0, 0, 0, 5
S0629, EDMUND-RICE-SINON, F, 44, 0, 0, 0, 0, 0, 44
S0629, EDMUND-RICE-SINON, M, 96, 0, 0, 0, 0, 0, 96
S0629, EDMUND-RICE-SINON, All, 140, 0, 0, 0, 0, 0, 140
S0631, UMOJA, F, 2, 0, 0, 0, 0, 0, 2
S0631, UMOJA, M, 5, 0, 0, 0, 0, 0, 5
S0631, UMOJA, All, 7, 0, 0, 0, 0, 0, 7
S0632, BONDENI, F, 4, 0, 0, 0, 0, 0, 4
S0632, BONDENI, M, 4, 0, 0, 0, 0, 0, 4
S0632, BONDENI, All, 8, 0, 0, 0, 0, 0, 8
S0640, MBALIZI, F, 3, 0, 0, 0, 0, 0, 3
S0640, MBALIZI, M, 12, 0, 0, 0, 0, 0, 12
S0640, MBALIZI, All, 15, 0, 0, 0, 0, 0, 15
S0641, MEATU, F, 0, 0, 0, 0, 0, 0, 0
S0641, MEATU, M, 64, 0, 0, 0, 0, 0, 64
S0641, MEATU, All, 64, 0, 0, 0, 0, 0, 64
S0643, DAREDA, F, 44, 0, 0, 0, 0, 0, 44
S0643, DAREDA, M, 53, 0, 0, 0, 0, 0, 53
S0643, DAREDA, All, 97, 0, 0, 0, 0, 0, 97
S0652, POMERINI, F, 0, 0, 0, 0, 0, 0, 0
S0652, POMERINI, M, 4, 0, 0, 0, 0, 0, 4
S0652, POMERINI, All, 4, 0, 0, 0, 0, 0, 4
S0653, MWAKAVUTA, F, 0, 0, 0, 0, 0, 0, 0
S0653, MWAKAVUTA, M, 39, 0, 0, 0, 0, 0, 39
S0653, MWAKAVUTA, All, 39, 0, 0, 0, 0, 0, 39
S0662, MWANZI, F, 0, 0, 0, 0, 0, 0, 0
S0662, MWANZI, M, 26, 0, 0, 0, 0, 0, 26
S0662, MWANZI, All, 26, 0, 0, 0, 0, 0, 26
S0663, SANGITI, F, 15, 0, 0, 0, 0, 0, 15
S0663, SANGITI, M, 0, 0, 0, 0, 0, 0, 0
S0663, SANGITI, All, 15, 0, 0, 0, 0, 0, 15
S0665, MWEMBENI, F, 1, 0, 0, 0, 0, 0, 1
S0665, MWEMBENI, M, 6, 0, 0, 0, 0, 0, 6
S0665, MWEMBENI, All, 7, 0, 0, 0, 0, 0, 7
S0667, NYAISHOZI, F, 0, 0, 0, 0, 0, 0, 0
S0667, NYAISHOZI, M, 4, 0, 0, 0, 0, 0, 4
S0667, NYAISHOZI, All, 4, 0, 0, 0, 0, 0, 4
S0668, DAKAWA HIGH SCHOOL, F, 114, 0, 0, 0, 0, 0, 114
S0668, DAKAWA HIGH SCHOOL, M, 0, 0, 0, 0, 0, 0, 0
S0668, DAKAWA HIGH SCHOOL, All, 114, 0, 0, 0, 0, 0, 114
S0671, UBUNGO ISLAMIC HIGH SCHOOL, F, 39, 0, 0, 0, 0, 0, 39
S0671, UBUNGO ISLAMIC HIGH SCHOOL, M, 28, 0, 0, 0, 0, 0, 28
S0671, UBUNGO ISLAMIC HIGH SCHOOL, All, 67, 0, 0, 0, 0, 0, 67
S0673, NANGWA, F, 69, 0, 0, 0, 0, 0, 69
S0673, NANGWA, M, 0, 0, 0, 0, 0, 0, 0
S0673, NANGWA, All, 69, 0, 0, 0, 0, 0, 69
S0677, TANDAHIMBA, F, 0, 0, 0, 0, 0, 0, 0
S0677, TANDAHIMBA, M, 22, 0, 0, 0, 0, 0, 22
S0677, TANDAHIMBA, All, 22, 0, 0, 0, 0, 0, 22
S0681, IVUMWE, F, 23, 0, 0, 0, 0, 0, 23
S0681, IVUMWE, M, 45, 0, 0, 0, 0, 0, 45
S0681, IVUMWE, All, 68, 0, 0, 0, 0, 0, 68
S0685, NAMABENGO, F, 11, 0, 0, 0, 0, 0, 11
S0685, NAMABENGO, M, 27, 0, 0, 0, 0, 0, 27
S0685, NAMABENGO, All, 38, 0, 0, 0, 0, 0, 38
S0686, CHATO, F, 0, 0, 0, 0, 0, 0, 0
S0686, CHATO, M, 84, 0, 0, 0, 0, 0, 84
S0686, CHATO, All, 84, 0, 0, 0, 0, 0, 84
S0688, MSAKILA, F, 0, 0, 0, 0, 0, 0, 0
S0688, MSAKILA, M, 1, 0, 0, 0, 0, 0, 1
S0688, MSAKILA, All, 1, 0, 0, 0, 0, 0, 1
S0692, ROSMINI, F, 108, 0, 0, 0, 0, 0, 108
S0692, ROSMINI, M, 107, 0, 0, 0, 0, 0, 107
S0692, ROSMINI, All, 215, 0, 0, 0, 0, 0, 215
S0697, KIGWE, F, 0, 0, 0, 0, 0, 0, 0
S0697, KIGWE, M, 23, 0, 0, 0, 0, 0, 23
S0697, KIGWE, All, 23, 0, 0, 0, 0, 0, 23
S0698, ECKERNFORDE, F, 7, 0, 0, 0, 0, 0, 7
S0698, ECKERNFORDE, M, 7, 0, 0, 0, 0, 0, 7
S0698, ECKERNFORDE, All, 14, 0, 0, 0, 0, 0, 14
S0706, KALANGALALA, F, 0, 0, 0, 0, 0, 0, 0
S0706, KALANGALALA, M, 84, 0, 0, 0, 0, 0, 84
S0706, KALANGALALA, All, 84, 0, 0, 0, 0, 0, 84
S0710, BINZA, F, 0, 0, 0, 0, 0, 0, 0
S0710, BINZA, M, 91, 0, 0, 0, 0, 0, 91
S0710, BINZA, All, 91, 0, 0, 0, 0, 0, 91
S0712, BARIADI, F, 0, 0, 0, 0, 0, 0, 0
S0712, BARIADI, M, 35, 0, 0, 0, 0, 0, 35
S0712, BARIADI, All, 35, 0, 0, 0, 0, 0, 35
S0713, IGUNGA, F, 13, 0, 0, 0, 0, 0, 13
S0713, IGUNGA, M, 45, 0, 0, 0, 0, 0, 45
S0713, IGUNGA, All, 58, 0, 0, 0, 0, 0, 58
S0715, ILONGERO, F, 0, 0, 0, 0, 0, 0, 0
S0715, ILONGERO, M, 76, 0, 0, 0, 0, 0, 76
S0715, ILONGERO, All, 76, 0, 0, 0, 0, 0, 76
S0716, MALECELA, F, 1, 0, 0, 0, 0, 0, 1
S0716, MALECELA, M, 5, 0, 0, 0, 0, 0, 5
S0716, MALECELA, All, 6, 0, 0, 0, 0, 0, 6
S0725, NEWMAN, F, 5, 0, 0, 0, 0, 0, 5
S0725, NEWMAN, M, 13, 0, 0, 0, 0, 0, 13
S0725, NEWMAN, All, 18, 0, 0, 0, 0, 0, 18
S0726, MBEKENYERA, F, 0, 0, 0, 0, 0, 0, 0
S0726, MBEKENYERA, M, 31, 0, 0, 0, 0, 0, 31
S0726, MBEKENYERA, All, 31, 0, 0, 0, 0, 0, 31
S0729, MSOLWA, F, 22, 0, 0, 0, 0, 0, 22
S0729, MSOLWA, M, 63, 0, 0, 0, 0, 0, 63
S0729, MSOLWA, All, 85, 0, 0, 0, 0, 0, 85
S0731, MAKONGO, F, 23, 0, 0, 0, 0, 0, 23
S0731, MAKONGO, M, 44, 0, 0, 0, 0, 0, 44
S0731, MAKONGO, All, 67, 0, 0, 0, 0, 0, 67
S0738, RIDHWAA SEMINARY, F, 7, 0, 0, 0, 0, 0, 7
S0738, RIDHWAA SEMINARY, M, 20, 0, 0, 0, 0, 0, 20
S0738, RIDHWAA SEMINARY, All, 27, 0, 0, 0, 0, 0, 27
S0740, ALI HASSAN MWINYI ISL., F, 2, 0, 0, 0, 0, 0, 2
S0740, ALI HASSAN MWINYI ISL., M, 15, 0, 0, 0, 0, 0, 15
S0740, ALI HASSAN MWINYI ISL., All, 17, 0, 0, 0, 0, 0, 17
S0741, ITENDE, F, 2, 0, 0, 0, 0, 0, 2
S0741, ITENDE, M, 7, 0, 0, 0, 0, 0, 7
S0741, ITENDE, All, 9, 0, 0, 0, 0, 0, 9
S0748, KAWAWA, F, 12, 0, 0, 0, 0, 0, 12
S0748, KAWAWA, M, 17, 0, 0, 0, 0, 0, 17
S0748, KAWAWA, All, 29, 0, 0, 0, 0, 0, 29
S0751, RUHUWIKO, F, 3, 0, 0, 0, 0, 0, 3
S0751, RUHUWIKO, M, 21, 0, 0, 0, 0, 0, 21
S0751, RUHUWIKO, All, 24, 0, 0, 0, 0, 0, 24
S0752, RUNZEWE, F, 0, 0, 0, 0, 0, 0, 0
S0752, RUNZEWE, M, 38, 0, 0, 0, 0, 0, 38
S0752, RUNZEWE, All, 38, 0, 0, 0, 0, 0, 38
S0754, URAMBO DAY, F, 26, 0, 0, 0, 0, 0, 26
S0754, URAMBO DAY, M, 0, 0, 0, 0, 0, 0, 0
S0754, URAMBO DAY, All, 26, 0, 0, 0, 0, 0, 26
S0757, KYELA, F, 0, 0, 0, 0, 0, 0, 0
S0757, KYELA, M, 86, 0, 0, 0, 0, 0, 86
S0757, KYELA, All, 86, 0, 0, 0, 0, 0, 86
S0769, MALAGARASI, F, 12, 0, 0, 0, 0, 0, 12
S0769, MALAGARASI, M, 97, 0, 0, 0, 0, 0, 97
S0769, MALAGARASI, All, 109, 0, 0, 0, 0, 0, 109
S0770, SUMVE, F, 60, 0, 0, 0, 0, 0, 60
S0770, SUMVE, M, 0, 0, 0, 0, 0, 0, 0
S0770, SUMVE, All, 60, 0, 0, 0, 0, 0, 60
S0778, SONGE, F, 63, 0, 0, 0, 0, 0, 63
S0778, SONGE, M, 0, 0, 0, 0, 0, 0, 0
S0778, SONGE, All, 63, 0, 0, 0, 0, 0, 63
S0782, MWIKA, F, 39, 0, 0, 0, 0, 0, 39
S0782, MWIKA, M, 91, 0, 0, 0, 0, 0, 91
S0782, MWIKA, All, 130, 0, 0, 0, 0, 0, 130
S0784, AIRWING, F, 21, 0, 0, 0, 0, 0, 21
S0784, AIRWING, M, 36, 0, 0, 0, 0, 0, 36
S0784, AIRWING, All, 57, 0, 0, 0, 0, 0, 57
S0787, MSANGENI, F, 26, 0, 0, 0, 0, 0, 26
S0787, MSANGENI, M, 0, 0, 0, 0, 0, 0, 0
S0787, MSANGENI, All, 26, 0, 0, 0, 0, 0, 26
S0800, LOYOLA, F, 71, 0, 0, 0, 0, 0, 71
S0800, LOYOLA, M, 94, 0, 0, 0, 0, 0, 94
S0800, LOYOLA, All, 165, 0, 0, 0, 0, 0, 165
S0804, MVUMI, F, 8, 0, 0, 0, 0, 0, 8
S0804, MVUMI, M, 24, 0, 0, 0, 0, 0, 24
S0804, MVUMI, All, 32, 0, 0, 0, 0, 0, 32
S0811, KIFARU, F, 27, 0, 0, 0, 0, 0, 27
S0811, KIFARU, M, 121, 0, 0, 0, 0, 0, 121
S0811, KIFARU, All, 148, 0, 0, 0, 0, 0, 148
S0812, MAHIWA, F, 12, 0, 0, 0, 0, 0, 12
S0812, MAHIWA, M, 127, 0, 0, 0, 0, 0, 127
S0812, MAHIWA, All, 139, 0, 0, 0, 0, 0, 139
S0818, TARAKEA, F, 46, 0, 0, 0, 0, 0, 46
S0818, TARAKEA, M, 108, 0, 0, 0, 0, 0, 108
S0818, TARAKEA, All, 154, 0, 0, 0, 0, 0, 154
S0823, THAQAAFA, F, 42, 0, 0, 0, 0, 0, 42
S0823, THAQAAFA, M, 102, 0, 0, 0, 0, 0, 102
S0823, THAQAAFA, All, 144, 0, 0, 0, 0, 0, 144
S0825, MUDIO ISLAMIC SEMINARY, F, 10, 0, 0, 0, 0, 0, 10
S0825, MUDIO ISLAMIC SEMINARY, M, 6, 0, 0, 0, 0, 0, 6
S0825, MUDIO ISLAMIC SEMINARY, All, 16, 0, 0, 0, 0, 0, 16
S0831, NANGWANDA GIRLS, F, 22, 0, 0, 0, 0, 0, 22
S0831, NANGWANDA GIRLS, M, 0, 0, 0, 0, 0, 0, 0
S0831, NANGWANDA GIRLS, All, 22, 0, 0, 0, 0, 0, 22
S0832, KIPONDA, F, 21, 0, 0, 0, 0, 0, 21
S0832, KIPONDA, M, 27, 0, 0, 0, 0, 0, 27
S0832, KIPONDA, All, 48, 0, 0, 0, 0, 0, 48
S0851, USANGI DAY, F, 43, 0, 0, 0, 0, 0, 43
S0851, USANGI DAY, M, 0, 0, 0, 0, 0, 0, 0
S0851, USANGI DAY, All, 43, 0, 0, 0, 0, 0, 43
S0853, KIZWITE, F, 33, 0, 0, 0, 0, 0, 33
S0853, KIZWITE, M, 0, 0, 0, 0, 0, 0, 0
S0853, KIZWITE, All, 33, 0, 0, 0, 0, 0, 33
S0857, LONGIDO, F, 50, 0, 0, 0, 0, 0, 50
S0857, LONGIDO, M, 130, 0, 0, 0, 0, 0, 130
S0857, LONGIDO, All, 180, 0, 0, 0, 0, 0, 180
S0867, PANDAHILL, F, 47, 0, 0, 0, 0, 0, 47
S0867, PANDAHILL, M, 94, 0, 0, 0, 0, 0, 94
S0867, PANDAHILL, All, 141, 0, 0, 0, 0, 0, 141
S0870, KILANGALANGA, F, 0, 0, 0, 0, 0, 0, 0
S0870, KILANGALANGA, M, 132, 0, 0, 0, 0, 0, 132
S0870, KILANGALANGA, All, 132, 0, 0, 0, 0, 0, 132
S0883, DONBOSCO-DIDIA, F, 4, 0, 0, 0, 0, 0, 4
S0883, DONBOSCO-DIDIA, M, 11, 0, 0, 0, 0, 0, 11
S0883, DONBOSCO-DIDIA, All, 15, 0, 0, 0, 0, 0, 15
S0884, MAMBWE, F, 0, 0, 0, 0, 0, 0, 0
S0884, MAMBWE, M, 10, 0, 0, 0, 0, 0, 10
S0884, MAMBWE, All, 10, 0, 0, 0, 0, 0, 10
S0890, IWALANJE, F, 0, 0, 0, 0, 0, 0, 0
S0890, IWALANJE, M, 68, 0, 0, 0, 0, 0, 68
S0890, IWALANJE, All, 68, 0, 0, 0, 0, 0, 68
S0896, KIZUKA, F, 0, 0, 0, 0, 0, 0, 0
S0896, KIZUKA, M, 4, 0, 0, 0, 0, 0, 4
S0896, KIZUKA, All, 4, 0, 0, 0, 0, 0, 4
S0901, KISIWANI, F, 0, 0, 0, 0, 0, 0, 0
S0901, KISIWANI, M, 34, 0, 0, 0, 0, 0, 34
S0901, KISIWANI, All, 34, 0, 0, 0, 0, 0, 34
S0904, KONGWA, F, 0, 0, 0, 0, 0, 0, 0
S0904, KONGWA, M, 46, 0, 0, 0, 0, 0, 46
S0904, KONGWA, All, 46, 0, 0, 0, 0, 0, 46
S0906, VUDOI, F, 0, 0, 0, 0, 0, 0, 0
S0906, VUDOI, M, 40, 0, 0, 0, 0, 0, 40
S0906, VUDOI, All, 40, 0, 0, 0, 0, 0, 40
S0912, BOGWE, F, 0, 0, 0, 0, 0, 0, 0
S0912, BOGWE, M, 52, 0, 0, 0, 0, 0, 52
S0912, BOGWE, All, 52, 0, 0, 0, 0, 0, 52
S0913, USONGWE, F, 57, 0, 0, 0, 0, 0, 57
S0913, USONGWE, M, 0, 0, 0, 0, 0, 0, 0
S0913, USONGWE, All, 57, 0, 0, 0, 0, 0, 57
S0922, MWINYI, F, 0, 0, 0, 0, 0, 0, 0
S0922, MWINYI, M, 108, 0, 0, 0, 0, 0, 108
S0922, MWINYI, All, 108, 0, 0, 0, 0, 0, 108
S0936, KALIUA, F, 59, 0, 0, 0, 0, 0, 59
S0936, KALIUA, M, 204, 0, 0, 0, 0, 0, 204
S0936, KALIUA, All, 263, 0, 0, 0, 0, 0, 263
S0938, MBEZI BEACH, F, 44, 0, 0, 0, 0, 0, 44
S0938, MBEZI BEACH, M, 70, 0, 0, 0, 0, 0, 70
S0938, MBEZI BEACH, All, 114, 0, 0, 0, 0, 0, 114
S0947, DR. OLSEN, F, 45, 0, 0, 0, 0, 0, 45
S0947, DR. OLSEN, M, 0, 0, 0, 0, 0, 0, 0
S0947, DR. OLSEN, All, 45, 0, 0, 0, 0, 0, 45
S0949, IRKISONGO, F, 0, 0, 0, 0, 0, 0, 0
S0949, IRKISONGO, M, 27, 0, 0, 0, 0, 0, 27
S0949, IRKISONGO, All, 27, 0, 0, 0, 0, 0, 27
S0960, BENJAMIN WILLIAM MKAPA HIGH SCHOOL, F, 57, 0, 0, 0, 0, 0, 57
S0960, BENJAMIN WILLIAM MKAPA HIGH SCHOOL, M, 194, 0, 0, 0, 0, 0, 194
S0960, BENJAMIN WILLIAM MKAPA HIGH SCHOOL, All, 251, 0, 0, 0, 0, 0, 251
S0995, SOS HERMANN GMEINER SCHOOL, F, 26, 0, 0, 0, 0, 0, 26
S0995, SOS HERMANN GMEINER SCHOOL, M, 11, 0, 0, 0, 0, 0, 11
S0995, SOS HERMANN GMEINER SCHOOL, All, 37, 0, 0, 0, 0, 0, 37
S1008, ST.MAURUS CHEMCHEMI, F, 3, 0, 0, 0, 0, 0, 3
S1008, ST.MAURUS CHEMCHEMI, M, 10, 0, 0, 0, 0, 0, 10
S1008, ST.MAURUS CHEMCHEMI, All, 13, 0, 0, 0, 0, 0, 13
S1009, BABATI DAY, F, 26, 0, 0, 0, 0, 0, 26
S1009, BABATI DAY, M, 0, 0, 0, 0, 0, 0, 0
S1009, BABATI DAY, All, 26, 0, 0, 0, 0, 0, 26
S1011, CHANG'OMBE, F, 18, 0, 0, 0, 0, 0, 18
S1011, CHANG'OMBE, M, 25, 0, 0, 0, 0, 0, 25
S1011, CHANG'OMBE, All, 43, 0, 0, 0, 0, 0, 43
S1032, ITIGI, F, 0, 0, 0, 0, 0, 0, 0
S1032, ITIGI, M, 40, 0, 0, 0, 0, 0, 40
S1032, ITIGI, All, 40, 0, 0, 0, 0, 0, 40
S1033, AMANI ABEID KARUME, F, 0, 0, 0, 0, 0, 0, 0
S1033, AMANI ABEID KARUME, M, 51, 0, 0, 0, 0, 0, 51
S1033, AMANI ABEID KARUME, All, 51, 0, 0, 0, 0, 0, 51
S1043, TUKUYU, F, 22, 0, 0, 0, 0, 0, 22
S1043, TUKUYU, M, 177, 0, 0, 0, 0, 0, 177
S1043, TUKUYU, All, 199, 0, 0, 0, 0, 0, 199
S1051, MKOLANI, F, 48, 0, 0, 0, 0, 0, 48
S1051, MKOLANI, M, 5, 0, 0, 0, 0, 0, 5
S1051, MKOLANI, All, 53, 0, 0, 0, 0, 0, 53
S1061, MAKIBA, F, 0, 0, 0, 0, 0, 0, 0
S1061, MAKIBA, M, 38, 0, 0, 0, 0, 0, 38
S1061, MAKIBA, All, 38, 0, 0, 0, 0, 0, 38
S1071, ST.MATTHEW'S, F, 115, 0, 0, 0, 0, 0, 115
S1071, ST.MATTHEW'S, M, 207, 0, 0, 0, 0, 0, 207
S1071, ST.MATTHEW'S, All, 322, 0, 0, 0, 0, 0, 322
S1077, OCEAN, F, 2, 0, 0, 0, 0, 0, 2
S1077, OCEAN, M, 20, 0, 0, 0, 0, 0, 20
S1077, OCEAN, All, 22, 0, 0, 0, 0, 0, 22
S1098, MAJI YA CHAI, F, 0, 0, 0, 0, 0, 0, 0
S1098, MAJI YA CHAI, M, 36, 0, 0, 0, 0, 0, 36
S1098, MAJI YA CHAI, All, 36, 0, 0, 0, 0, 0, 36
S1107, MWAMASHIMBA, F, 28, 0, 0, 0, 0, 0, 28
S1107, MWAMASHIMBA, M, 0, 0, 0, 0, 0, 0, 0
S1107, MWAMASHIMBA, All, 28, 0, 0, 0, 0, 0, 28
S1119, ZANZIBAR COMMERCIAL, F, 10, 0, 0, 0, 0, 0, 10
S1119, ZANZIBAR COMMERCIAL, M, 17, 0, 0, 0, 0, 0, 17
S1119, ZANZIBAR COMMERCIAL, All, 27, 0, 0, 0, 0, 0, 27
S1141, SWILLA, F, 43, 0, 0, 0, 0, 0, 43
S1141, SWILLA, M, 50, 0, 0, 0, 0, 0, 50
S1141, SWILLA, All, 93, 0, 0, 0, 0, 0, 93
S1144, ISIMILA, F, 24, 0, 0, 0, 0, 0, 24
S1144, ISIMILA, M, 0, 0, 0, 0, 0, 0, 0
S1144, ISIMILA, All, 24, 0, 0, 0, 0, 0, 24
S1148, MADIBIRA, F, 0, 0, 0, 0, 0, 0, 0
S1148, MADIBIRA, M, 34, 0, 0, 0, 0, 0, 34
S1148, MADIBIRA, All, 34, 0, 0, 0, 0, 0, 34
S1157, IWAWA, F, 0, 0, 0, 0, 0, 0, 0
S1157, IWAWA, M, 45, 0, 0, 0, 0, 0, 45
S1157, IWAWA, All, 45, 0, 0, 0, 0, 0, 45
S1174, COASTAL, F, 3, 0, 0, 0, 0, 0, 3
S1174, COASTAL, M, 10, 0, 0, 0, 0, 0, 10
S1174, COASTAL, All, 13, 0, 0, 0, 0, 0, 13
S1178, ARUSHA MODERN, F, 4, 0, 0, 0, 0, 0, 4
S1178, ARUSHA MODERN, M, 9, 0, 0, 0, 0, 0, 9
S1178, ARUSHA MODERN, All, 13, 0, 0, 0, 0, 0, 13
S1183, SANYA JUU, F, 0, 0, 0, 0, 0, 0, 0
S1183, SANYA JUU, M, 65, 0, 0, 0, 0, 0, 65
S1183, SANYA JUU, All, 65, 0, 0, 0, 0, 0, 65
S1186, MAKITA, F, 0, 0, 0, 0, 0, 0, 0
S1186, MAKITA, M, 66, 0, 0, 0, 0, 0, 66
S1186, MAKITA, All, 66, 0, 0, 0, 0, 0, 66
S1187, ST.MARY GORETI, F, 205, 0, 0, 0, 0, 0, 205
S1187, ST.MARY GORETI, M, 19, 0, 0, 0, 0, 0, 19
S1187, ST.MARY GORETI, All, 224, 0, 0, 0, 0, 0, 224
S1198, TANZANIA ADVENTIST, F, 5, 0, 0, 0, 0, 0, 5
S1198, TANZANIA ADVENTIST, M, 12, 0, 0, 0, 0, 0, 12
S1198, TANZANIA ADVENTIST, All, 17, 0, 0, 0, 0, 0, 17
S1199, MADABA, F, 0, 0, 0, 0, 0, 0, 0
S1199, MADABA, M, 39, 0, 0, 0, 0, 0, 39
S1199, MADABA, All, 39, 0, 0, 0, 0, 0, 39
S1201, LUFILYO, F, 0, 0, 0, 0, 0, 0, 0
S1201, LUFILYO, M, 55, 0, 0, 0, 0, 0, 55
S1201, LUFILYO, All, 55, 0, 0, 0, 0, 0, 55
S1220, MSAMALA, F, 0, 0, 0, 0, 0, 0, 0
S1220, MSAMALA, M, 59, 0, 0, 0, 0, 0, 59
S1220, MSAMALA, All, 59, 0, 0, 0, 0, 0, 59
S1246, MIDLANDS, F, 2, 0, 0, 0, 0, 0, 2
S1246, MIDLANDS, M, 8, 0, 0, 0, 0, 0, 8
S1246, MIDLANDS, All, 10, 0, 0, 0, 0, 0, 10
S1261, MERRIWA, F, 3, 0, 0, 0, 0, 0, 3
S1261, MERRIWA, M, 8, 0, 0, 0, 0, 0, 8
S1261, MERRIWA, All, 11, 0, 0, 0, 0, 0, 11
S1262, MATEMA BEACH, F, 0, 0, 0, 0, 0, 0, 0
S1262, MATEMA BEACH, M, 39, 0, 0, 0, 0, 0, 39
S1262, MATEMA BEACH, All, 39, 0, 0, 0, 0, 0, 39
S1268, KISIMIRI, F, 15, 0, 0, 0, 0, 0, 15
S1268, KISIMIRI, M, 44, 0, 0, 0, 0, 0, 44
S1268, KISIMIRI, All, 59, 0, 0, 0, 0, 0, 59
S1270, NYARUBANDA, F, 0, 0, 0, 0, 0, 0, 0
S1270, NYARUBANDA, M, 41, 0, 0, 0, 0, 0, 41
S1270, NYARUBANDA, All, 41, 0, 0, 0, 0, 0, 41
S1272, KISARIKA, F, 0, 0, 0, 0, 0, 0, 0
S1272, KISARIKA, M, 77, 0, 0, 0, 0, 0, 77
S1272, KISARIKA, All, 77, 0, 0, 0, 0, 0, 77
S1278, MBEZI, F, 28, 0, 0, 0, 0, 0, 28
S1278, MBEZI, M, 65, 0, 0, 0, 0, 0, 65
S1278, MBEZI, All, 93, 0, 0, 0, 0, 0, 93
S1284, NORTHERN HIGHLANDS, F, 8, 0, 0, 0, 0, 0, 8
S1284, NORTHERN HIGHLANDS, M, 9, 0, 0, 0, 0, 0, 9
S1284, NORTHERN HIGHLANDS, All, 17, 0, 0, 0, 0, 0, 17
S1285, FLORIAN, F, 40, 0, 0, 0, 0, 0, 40
S1285, FLORIAN, M, 0, 0, 0, 0, 0, 0, 0
S1285, FLORIAN, All, 40, 0, 0, 0, 0, 0, 40
S1291, PEMBA ISLAMIC COLLEGE, F, 4, 0, 0, 0, 0, 0, 4
S1291, PEMBA ISLAMIC COLLEGE, M, 8, 0, 0, 0, 0, 0, 8
S1291, PEMBA ISLAMIC COLLEGE, All, 12, 0, 0, 0, 0, 0, 12
S1298, KIEMBESAMAKI, F, 26, 0, 0, 0, 0, 0, 26
S1298, KIEMBESAMAKI, M, 33, 0, 0, 0, 0, 0, 33
S1298, KIEMBESAMAKI, All, 59, 0, 0, 0, 0, 0, 59
S1340, LWANGWA, F, 0, 0, 0, 0, 0, 0, 0
S1340, LWANGWA, M, 57, 0, 0, 0, 0, 0, 57
S1340, LWANGWA, All, 57, 0, 0, 0, 0, 0, 57
S1344, MWALIMU J K NYERERE, F, 0, 0, 0, 0, 0, 0, 0
S1344, MWALIMU J K NYERERE, M, 70, 0, 0, 0, 0, 0, 70
S1344, MWALIMU J K NYERERE, All, 70, 0, 0, 0, 0, 0, 70
S1349, NYAKAHURA, F, 19, 0, 0, 0, 0, 0, 19
S1349, NYAKAHURA, M, 56, 0, 0, 0, 0, 0, 56
S1349, NYAKAHURA, All, 75, 0, 0, 0, 0, 0, 75
S1375, NEW ERA, F, 2, 0, 0, 0, 0, 0, 2
S1375, NEW ERA, M, 12, 0, 0, 0, 0, 0, 12
S1375, NEW ERA, All, 14, 0, 0, 0, 0, 0, 14
S1392, NATTA, F, 18, 0, 0, 0, 0, 0, 18
S1392, NATTA, M, 0, 0, 0, 0, 0, 0, 0
S1392, NATTA, All, 18, 0, 0, 0, 0, 0, 18
S1430, KIUMA, F, 0, 0, 0, 0, 0, 0, 0
S1430, KIUMA, M, 2, 0, 0, 0, 0, 0, 2
S1430, KIUMA, All, 2, 0, 0, 0, 0, 0, 2
S1434, PIUS, F, 4, 0, 0, 0, 0, 0, 4
S1434, PIUS, M, 14, 0, 0, 0, 0, 0, 14
S1434, PIUS, All, 18, 0, 0, 0, 0, 0, 18
S1450, EFATHA SEMINARY, F, 2, 0, 0, 0, 0, 0, 2
S1450, EFATHA SEMINARY, M, 7, 0, 0, 0, 0, 0, 7
S1450, EFATHA SEMINARY, All, 9, 0, 0, 0, 0, 0, 9
S1454, LONDONI, F, 36, 0, 0, 0, 0, 0, 36
S1454, LONDONI, M, 0, 0, 0, 0, 0, 0, 0
S1454, LONDONI, All, 36, 0, 0, 0, 0, 0, 36
S1463, AMANAH ISLAMIC SEMINARY, F, 1, 0, 0, 0, 0, 0, 1
S1463, AMANAH ISLAMIC SEMINARY, M, 1, 0, 0, 0, 0, 0, 1
S1463, AMANAH ISLAMIC SEMINARY, All, 2, 0, 0, 0, 0, 0, 2
S1475, PERFECT-VISION, F, 2, 0, 0, 0, 0, 0, 2
S1475, PERFECT-VISION, M, 5, 0, 0, 0, 0, 0, 5
S1475, PERFECT-VISION, All, 7, 0, 0, 0, 0, 0, 7
S1495, GENESIS HIGH SCHOOL, F, 2, 0, 0, 0, 0, 0, 2
S1495, GENESIS HIGH SCHOOL, M, 16, 0, 0, 0, 0, 0, 16
S1495, GENESIS HIGH SCHOOL, All, 18, 0, 0, 0, 0, 0, 18
S1522, SCOLASTICA, F, 19, 0, 0, 0, 0, 0, 19
S1522, SCOLASTICA, M, 21, 0, 0, 0, 0, 0, 21
S1522, SCOLASTICA, All, 40, 0, 0, 0, 0, 0, 40
S1549, ENGUTOTO, F, 13, 0, 0, 0, 0, 0, 13
S1549, ENGUTOTO, M, 55, 0, 0, 0, 0, 0, 55
S1549, ENGUTOTO, All, 68, 0, 0, 0, 0, 0, 68
S1578, CHANGARAWE, F, 0, 0, 0, 0, 0, 0, 0
S1578, CHANGARAWE, M, 56, 0, 0, 0, 0, 0, 56
S1578, CHANGARAWE, All, 56, 0, 0, 0, 0, 0, 56
S1584, KIWANJA, F, 0, 0, 0, 0, 0, 0, 0
S1584, KIWANJA, M, 36, 0, 0, 0, 0, 0, 36
S1584, KIWANJA, All, 36, 0, 0, 0, 0, 0, 36
S1596, NYERERE HIGH SCHOOL-MIGOLI, F, 0, 0, 0, 0, 0, 0, 0
S1596, NYERERE HIGH SCHOOL-MIGOLI, M, 88, 0, 0, 0, 0, 0, 88
S1596, NYERERE HIGH SCHOOL-MIGOLI, All, 88, 0, 0, 0, 0, 0, 88
S1599, BAOBAB, F, 95, 0, 0, 0, 0, 0, 95
S1599, BAOBAB, M, 0, 0, 0, 0, 0, 0, 0
S1599, BAOBAB, All, 95, 0, 0, 0, 0, 0, 95
S1600, BISHOP DURNING HIGH SCHOOL, F, 3, 0, 0, 0, 0, 0, 3
S1600, BISHOP DURNING HIGH SCHOOL, M, 13, 0, 0, 0, 0, 0, 13
S1600, BISHOP DURNING HIGH SCHOOL, All, 16, 0, 0, 0, 0, 0, 16
S1608, NTUNDURU, F, 2, 0, 0, 0, 0, 0, 2
S1608, NTUNDURU, M, 6, 0, 0, 0, 0, 0, 6
S1608, NTUNDURU, All, 8, 0, 0, 0, 0, 0, 8
S1609, RORYA, F, 0, 0, 0, 0, 0, 0, 0
S1609, RORYA, M, 3, 0, 0, 0, 0, 0, 3
S1609, RORYA, All, 3, 0, 0, 0, 0, 0, 3
S1645, LUBALA, F, 7, 0, 0, 0, 0, 0, 7
S1645, LUBALA, M, 5, 0, 0, 0, 0, 0, 5
S1645, LUBALA, All, 12, 0, 0, 0, 0, 0, 12
S1648, SUMBAWANGA, F, 0, 0, 0, 0, 0, 0, 0
S1648, SUMBAWANGA, M, 31, 0, 0, 0, 0, 0, 31
S1648, SUMBAWANGA, All, 31, 0, 0, 0, 0, 0, 31
S1665, NYASAKA ISLAMIC, F, 11, 0, 0, 0, 0, 0, 11
S1665, NYASAKA ISLAMIC, M, 24, 0, 0, 0, 0, 0, 24
S1665, NYASAKA ISLAMIC, All, 35, 0, 0, 0, 0, 0, 35
S1688, BAHARI BEACH, F, 2, 0, 0, 0, 0, 0, 2
S1688, BAHARI BEACH, M, 4, 0, 0, 0, 0, 0, 4
S1688, BAHARI BEACH, All, 6, 0, 0, 0, 0, 0, 6
S1689, PEACE, F, 5, 0, 0, 0, 0, 0, 5
S1689, PEACE, M, 11, 0, 0, 0, 0, 0, 11
S1689, PEACE, All, 16, 0, 0, 0, 0, 0, 16
S1757, BENDEL MEMORIAL, F, 37, 0, 0, 0, 0, 0, 37
S1757, BENDEL MEMORIAL, M, 66, 0, 0, 0, 0, 0, 66
S1757, BENDEL MEMORIAL, All, 103, 0, 0, 0, 0, 0, 103
S1770, IMAGE, F, 2, 0, 0, 0, 0, 0, 2
S1770, IMAGE, M, 6, 0, 0, 0, 0, 0, 6
S1770, IMAGE, All, 8, 0, 0, 0, 0, 0, 8
S1822, ANNAGAMAZO, F, 11, 0, 0, 0, 0, 0, 11
S1822, ANNAGAMAZO, M, 0, 0, 0, 0, 0, 0, 0
S1822, ANNAGAMAZO, All, 11, 0, 0, 0, 0, 0, 11
S1939, MAWENI, F, 0, 0, 0, 0, 0, 0, 0
S1939, MAWENI, M, 29, 0, 0, 0, 0, 0, 29
S1939, MAWENI, All, 29, 0, 0, 0, 0, 0, 29
S2153, AQUINAS, F, 2, 0, 0, 0, 0, 0, 2
S2153, AQUINAS, M, 4, 0, 0, 0, 0, 0, 4
S2153, AQUINAS, All, 6, 0, 0, 0, 0, 0, 6
S2213, USEVYA, F, 0, 0, 0, 0, 0, 0, 0
S2213, USEVYA, M, 42, 0, 0, 0, 0, 0, 42
S2213, USEVYA, All, 42, 0, 0, 0, 0, 0, 42
S2326, MANGUANJUKI, F, 2, 0, 0, 0, 0, 0, 2
S2326, MANGUANJUKI, M, 1, 0, 0, 0, 0, 0, 1
S2326, MANGUANJUKI, All, 3, 0, 0, 0, 0, 0, 3
S2345, HELLEN'S, F, 6, 0, 0, 0, 0, 0, 6
S2345, HELLEN'S, M, 5, 0, 0, 0, 0, 0, 5
S2345, HELLEN'S, All, 11, 0, 0, 0, 0, 0, 11
S2354, EAGLES, F, 0, 0, 0, 0, 0, 0, 0
S2354, EAGLES, M, 21, 0, 0, 0, 0, 0, 21
S2354, EAGLES, All, 21, 0, 0, 0, 0, 0, 21
S2383, OSWARD MANG'OMBE, F, 0, 0, 0, 0, 0, 0, 0
S2383, OSWARD MANG'OMBE, M, 121, 0, 0, 0, 0, 0, 121
S2383, OSWARD MANG'OMBE, All, 121, 0, 0, 0, 0, 0, 121
S2426, CHAMAZI ISLAMIC SEMINARY, F, 1, 0, 0, 0, 0, 0, 1
S2426, CHAMAZI ISLAMIC SEMINARY, M, 4, 0, 0, 0, 0, 0, 4
S2426, CHAMAZI ISLAMIC SEMINARY, All, 5, 0, 0, 0, 0, 0, 5
S2427, ISONGOLE, F, 0, 0, 0, 0, 0, 0, 0
S2427, ISONGOLE, M, 43, 0, 0, 0, 0, 0, 43
S2427, ISONGOLE, All, 43, 0, 0, 0, 0, 0, 43
S2433, GANAKO, F, 0, 0, 0, 0, 0, 0, 0
S2433, GANAKO, M, 29, 0, 0, 0, 0, 0, 29
S2433, GANAKO, All, 29, 0, 0, 0, 0, 0, 29
S2499, TUSIIME, F, 184, 0, 0, 0, 0, 0, 184
S2499, TUSIIME, M, 202, 0, 0, 0, 0, 0, 202
S2499, TUSIIME, All, 386, 0, 0, 0, 0, 0, 386
S2549, ALPHA, F, 59, 0, 0, 0, 0, 0, 59
S2549, ALPHA, M, 128, 0, 0, 0, 0, 0, 128
S2549, ALPHA, All, 187, 0, 0, 0, 0, 0, 187
S3503, MWENDAKULIMA, F, 27, 0, 0, 0, 0, 0, 27
S3503, MWENDAKULIMA, M, 0, 0, 0, 0, 0, 0, 0
S3503, MWENDAKULIMA, All, 27, 0, 0, 0, 0, 0, 27
S3601, ILASI, F, 1, 0, 0, 0, 0, 0, 1
S3601, ILASI, M, 3, 0, 0, 0, 0, 0, 3
S3601, ILASI, All, 4, 0, 0, 0, 0, 0, 4
S3630, HOLLYWOOD, F, 1, 0, 0, 0, 0, 0, 1
S3630, HOLLYWOOD, M, 5, 0, 0, 0, 0, 0, 5
S3630, HOLLYWOOD, All, 6, 0, 0, 0, 0, 0, 6
S3646, DULUTI, F, 6, 0, 0, 0, 0, 0, 6
S3646, DULUTI, M, 7, 0, 0, 0, 0, 0, 7
S3646, DULUTI, All, 13, 0, 0, 0, 0, 0, 13
S3800, KIKODI, F, 0, 0, 0, 0, 0, 0, 0
S3800, KIKODI, M, 4, 0, 0, 0, 0, 0, 4
S3800, KIKODI, All, 4, 0, 0, 0, 0, 0, 4
S3804, MUHEZA HIGH SCHOOL, F, 46, 0, 0, 0, 0, 0, 46
S3804, MUHEZA HIGH SCHOOL, M, 128, 0, 0, 0, 0, 0, 128
S3804, MUHEZA HIGH SCHOOL, All, 174, 0, 0, 0, 0, 0, 174
S3811, OVERLAND, F, 0, 0, 0, 0, 0, 0, 0
S3811, OVERLAND, M, 3, 0, 0, 0, 0, 0, 3
S3811, OVERLAND, All, 3, 0, 0, 0, 0, 0, 3
S3881, AHMES, F, 6, 0, 0, 0, 0, 0, 6
S3881, AHMES, M, 15, 0, 0, 0, 0, 0, 15
S3881, AHMES, All, 21, 0, 0, 0, 0, 0, 21
S3885, WENDA HIGH SCHOOL, F, 7, 0, 0, 0, 0, 0, 7
S3885, WENDA HIGH SCHOOL, M, 13, 0, 0, 0, 0, 0, 13
S3885, WENDA HIGH SCHOOL, All, 20, 0, 0, 0, 0, 0, 20
S3886, SIMBA WA YUDA, F, 1, 0, 0, 0, 0, 0, 1
S3886, SIMBA WA YUDA, M, 8, 0, 0, 0, 0, 0, 8
S3886, SIMBA WA YUDA, All, 9, 0, 0, 0, 0, 0, 9
S3905, UWATA, F, 0, 0, 0, 0, 0, 0, 0
S3905, UWATA, M, 57, 0, 0, 0, 0, 0, 57
S3905, UWATA, All, 57, 0, 0, 0, 0, 0, 57
S3914, ALFAGEMS, F, 56, 0, 0, 0, 0, 0, 56
S3914, ALFAGEMS, M, 133, 0, 0, 0, 0, 0, 133
S3914, ALFAGEMS, All, 189, 0, 0, 0, 0, 0, 189
S4002, MWANAKWEREKWE 'C', F, 21, 0, 0, 0, 0, 0, 21
S4002, MWANAKWEREKWE 'C', M, 9, 0, 0, 0, 0, 0, 9
S4002, MWANAKWEREKWE 'C', All, 30, 0, 0, 0, 0, 0, 30
S4007, AGUSTIVO, F, 0, 0, 0, 0, 0, 0, 0
S4007, AGUSTIVO, M, 2, 0, 0, 0, 0, 0, 2
S4007, AGUSTIVO, All, 2, 0, 0, 0, 0, 0, 2
S4016, ISALU EXCEL HIGH SCHOOL, F, 1, 0, 0, 0, 0, 0, 1
S4016, ISALU EXCEL HIGH SCHOOL, M, 3, 0, 0, 0, 0, 0, 3
S4016, ISALU EXCEL HIGH SCHOOL, All, 4, 0, 0, 0, 0, 0, 4
S4039, ST. THERESA OF THE CHILD JESUS, F, 29, 0, 0, 0, 0, 0, 29
S4039, ST. THERESA OF THE CHILD JESUS, M, 0, 0, 0, 0, 0, 0, 0
S4039, ST. THERESA OF THE CHILD JESUS, All, 29, 0, 0, 0, 0, 0, 29
S4083, GIFT SKILLFUL, F, 5, 0, 0, 0, 0, 0, 5
S4083, GIFT SKILLFUL, M, 7, 0, 0, 0, 0, 0, 7
S4083, GIFT SKILLFUL, All, 12, 0, 0, 0, 0, 0, 12
S4104, LORD BADEN POWELL MEMORIAL, F, 9, 0, 0, 0, 0, 0, 9
S4104, LORD BADEN POWELL MEMORIAL, M, 18, 0, 0, 0, 0, 0, 18
S4104, LORD BADEN POWELL MEMORIAL, All, 27, 0, 0, 0, 0, 0, 27
S4193, HARRISON UWATA, F, 40, 0, 0, 0, 0, 0, 40
S4193, HARRISON UWATA, M, 0, 0, 0, 0, 0, 0, 0
S4193, HARRISON UWATA, All, 40, 0, 0, 0, 0, 0, 40
S4213, MARIAN BOYS, F, 0, 0, 0, 0, 0, 0, 0
S4213, MARIAN BOYS, M, 114, 0, 0, 0, 0, 0, 114
S4213, MARIAN BOYS, All, 114, 0, 0, 0, 0, 0, 114
S4419, LUKOLE, F, 37, 0, 0, 0, 0, 0, 37
S4419, LUKOLE, M, 69, 0, 0, 0, 0, 0, 69
S4419, LUKOLE, All, 106, 0, 0, 0, 0, 0, 106
S4456, GREEN BIRD BOYS, F, 0, 0, 0, 0, 0, 0, 0
S4456, GREEN BIRD BOYS, M, 5, 0, 0, 0, 0, 0, 5
S4456, GREEN BIRD BOYS, All, 5, 0, 0, 0, 0, 0, 5
S4459, JUDE, F, 26, 0, 0, 0, 0, 0, 26
S4459, JUDE, M, 35, 0, 0, 0, 0, 0, 35
S4459, JUDE, All, 61, 0, 0, 0, 0, 0, 61
S4502, AFRICAN TABATA HIGH SCHOOL, F, 1, 0, 0, 0, 0, 0, 1
S4502, AFRICAN TABATA HIGH SCHOOL, M, 4, 0, 0, 0, 0, 0, 4
S4502, AFRICAN TABATA HIGH SCHOOL, All, 5, 0, 0, 0, 0, 0, 5
S4514, ORKEESWA, F, 0, 0, 0, 0, 0, 0, 0
S4514, ORKEESWA, M, 6, 0, 0, 0, 0, 0, 6
S4514, ORKEESWA, All, 6, 0, 0, 0, 0, 0, 6
S4535, JIKOMBOE, F, 16, 0, 0, 0, 0, 0, 16
S4535, JIKOMBOE, M, 0, 0, 0, 0, 0, 0, 0
S4535, JIKOMBOE, All, 16, 0, 0, 0, 0, 0, 16
S4586, ZACHARIA, F, 14, 0, 0, 0, 0, 0, 14
S4586, ZACHARIA, M, 21, 0, 0, 0, 0, 0, 21
S4586, ZACHARIA, All, 35, 0, 0, 0, 0, 0, 35
S4605, MAGUFULI, F, 0, 0, 0, 0, 0, 0, 0
S4605, MAGUFULI, M, 48, 0, 0, 0, 0, 0, 48
S4605, MAGUFULI, All, 48, 0, 0, 0, 0, 0, 48
S4646, PAMOJA, F, 0, 0, 0, 0, 0, 0, 0
S4646, PAMOJA, M, 34, 0, 0, 0, 0, 0, 34
S4646, PAMOJA, All, 34, 0, 0, 0, 0, 0, 34
S4661, KAJUMULO ALEXANDER GIRLS, F, 55, 0, 0, 0, 0, 0, 55
S4661, KAJUMULO ALEXANDER GIRLS, M, 0, 0, 0, 0, 0, 0, 0
S4661, KAJUMULO ALEXANDER GIRLS, All, 55, 0, 0, 0, 0, 0, 55
S4692, ST.JOSEPH'S CATHEDRAL, F, 52, 0, 0, 0, 0, 0, 52
S4692, ST.JOSEPH'S CATHEDRAL, M, 108, 0, 0, 0, 0, 0, 108
S4692, ST.JOSEPH'S CATHEDRAL, All, 160, 0, 0, 0, 0, 0, 160
S4746, CORNERSTONE LEADERSHIP, F, 26, 0, 0, 0, 0, 0, 26
S4746, CORNERSTONE LEADERSHIP, M, 28, 0, 0, 0, 0, 0, 28
S4746, CORNERSTONE LEADERSHIP, All, 54, 0, 0, 0, 0, 0, 54
S4797, FARAJA SIHA SEMINARY, F, 10, 0, 0, 0, 0, 0, 10
S4797, FARAJA SIHA SEMINARY, M, 12, 0, 0, 0, 0, 0, 12
S4797, FARAJA SIHA SEMINARY, All, 22, 0, 0, 0, 0, 0, 22
S4803, NDYUDA, F, 1, 0, 0, 0, 0, 0, 1
S4803, NDYUDA, M, 1, 0, 0, 0, 0, 0, 1
S4803, NDYUDA, All, 2, 0, 0, 0, 0, 0, 2
S4862, GOMBE HIGH SCHOOL, F, 1, 0, 0, 0, 0, 0, 1
S4862, GOMBE HIGH SCHOOL, M, 3, 0, 0, 0, 0, 0, 3
S4862, GOMBE HIGH SCHOOL, All, 4, 0, 0, 0, 0, 0, 4
S4922, WATU, F, 3, 0, 0, 0, 0, 0, 3
S4922, WATU, M, 2, 0, 0, 0, 0, 0, 2
S4922, WATU, All, 5, 0, 0, 0, 0, 0, 5
S4929, TINDE GIRLS HIGH SCHOOL, F, 41, 0, 0, 0, 0, 0, 41
S4929, TINDE GIRLS HIGH SCHOOL, M, 0, 0, 0, 0, 0, 0, 0
S4929, TINDE GIRLS HIGH SCHOOL, All, 41, 0, 0, 0, 0, 0, 41
S5047, MADUNGU, F, 16, 0, 0, 0, 0, 0, 16
S5047, MADUNGU, M, 19, 0, 0, 0, 0, 0, 19
S5047, MADUNGU, All, 35, 0, 0, 0, 0, 0, 35
S5114, SUZA, F, 10, 0, 0, 0, 0, 0, 10
S5114, SUZA, M, 15, 0, 0, 0, 0, 0, 15
S5114, SUZA, All, 25, 0, 0, 0, 0, 0, 25
S5122, WAJA GIRLS, F, 31, 0, 0, 0, 0, 0, 31
S5122, WAJA GIRLS, M, 0, 0, 0, 0, 0, 0, 0
S5122, WAJA GIRLS, All, 31, 0, 0, 0, 0, 0, 31
S5145, MIONO, F, 47, 0, 0, 0, 0, 0, 47
S5145, MIONO, M, 113, 0, 0, 0, 0, 0, 113
S5145, MIONO, All, 160, 0, 0, 0, 0, 0, 160
S5150, CHASASA, F, 14, 0, 0, 0, 0, 0, 14
S5150, CHASASA, M, 22, 0, 0, 0, 0, 0, 22
S5150, CHASASA, All, 36, 0, 0, 0, 0, 0, 36
S5171, MPENDAE, F, 16, 0, 0, 0, 0, 0, 16
S5171, MPENDAE, M, 45, 0, 0, 0, 0, 0, 45
S5171, MPENDAE, All, 61, 0, 0, 0, 0, 0, 61
